Using pre-set license
Built from '2022.3/staging' branch; Version is '2022.3.7f1 (b16b3b16c7a0) revision 11627323'; Using compiler version '192829333'; Build Type 'Release'
OS: 'Windows 11  (10.0.26100) 64bit CoreSingleLanguage' Language: 'en' Physical Memory: 15612 MB
BatchMode: 1, IsHumanControllingUs: 0, StartBugReporterOnCrash: 0, Is64bit: 1, IsPro: 1

COMMAND LINE ARGUMENTS:
C:\Program Files\Unity\Hub\Editor\2022.3.7f1\Editor\Unity.exe
-adb2
-batchMode
-noUpm
-name
AssetImportWorker3
-projectPath
E:/Unity/3DProject
-logFile
Logs/AssetImportWorker3.log
-srvPort
61502
Successfully changed project path to: E:/Unity/3DProject
E:/Unity/3DProject
[UnityMemory] Configuration Parameters - Can be set up in boot.config
    "memorysetup-bucket-allocator-granularity=16"
    "memorysetup-bucket-allocator-bucket-count=8"
    "memorysetup-bucket-allocator-block-size=33554432"
    "memorysetup-bucket-allocator-block-count=8"
    "memorysetup-main-allocator-block-size=16777216"
    "memorysetup-thread-allocator-block-size=16777216"
    "memorysetup-gfx-main-allocator-block-size=16777216"
    "memorysetup-gfx-thread-allocator-block-size=16777216"
    "memorysetup-cache-allocator-block-size=4194304"
    "memorysetup-typetree-allocator-block-size=2097152"
    "memorysetup-profiler-bucket-allocator-granularity=16"
    "memorysetup-profiler-bucket-allocator-bucket-count=8"
    "memorysetup-profiler-bucket-allocator-block-size=33554432"
    "memorysetup-profiler-bucket-allocator-block-count=8"
    "memorysetup-profiler-allocator-block-size=16777216"
    "memorysetup-profiler-editor-allocator-block-size=1048576"
    "memorysetup-temp-allocator-size-main=16777216"
    "memorysetup-job-temp-allocator-block-size=2097152"
    "memorysetup-job-temp-allocator-block-size-background=1048576"
    "memorysetup-job-temp-allocator-reduction-small-platforms=262144"
    "memorysetup-allocator-temp-initial-block-size-main=262144"
    "memorysetup-allocator-temp-initial-block-size-worker=262144"
    "memorysetup-temp-allocator-size-background-worker=32768"
    "memorysetup-temp-allocator-size-job-worker=262144"
    "memorysetup-temp-allocator-size-preload-manager=33554432"
    "memorysetup-temp-allocator-size-nav-mesh-worker=65536"
    "memorysetup-temp-allocator-size-audio-worker=65536"
    "memorysetup-temp-allocator-size-cloud-worker=32768"
    "memorysetup-temp-allocator-size-gi-baking-worker=262144"
    "memorysetup-temp-allocator-size-gfx=262144"
Player connection [15276] Host "[IP] 172.18.109.200 [Port] 0 [Flags] 2 [Guid] 585521541 [EditorId] 585521541 [Version] 1048832 [Id] WindowsEditor(7,NgiaDiep) [Debug] 1 [PackageName] WindowsEditor [ProjectName] Editor" joined multi-casting on [225.0.0.222:54997]...

Player connection [15276] Host "[IP] 172.18.109.200 [Port] 0 [Flags] 2 [Guid] 585521541 [EditorId] 585521541 [Version] 1048832 [Id] WindowsEditor(7,NgiaDiep) [Debug] 1 [PackageName] WindowsEditor [ProjectName] Editor" joined alternative multi-casting on [225.0.0.222:34997]...

Refreshing native plugins compatible for Editor in 9.06 ms, found 3 plugins.
Preloading 0 native plugins for Editor in 0.00 ms.
Initialize engine version: 2022.3.7f1 (b16b3b16c7a0)
[Subsystems] Discovering subsystems at path C:/Program Files/Unity/Hub/Editor/2022.3.7f1/Editor/Data/Resources/UnitySubsystems
[Subsystems] Discovering subsystems at path E:/Unity/3DProject/Assets
GfxDevice: creating device client; threaded=0; jobified=0
Direct3D:
    Version:  Direct3D 11.0 [level 11.1]
    Renderer: NVIDIA GeForce RTX 3050 Laptop GPU (ID=0x25a2)
    Vendor:   NVIDIA
    VRAM:     3964 MB
    Driver:   32.0.15.6590
Initialize mono
Mono path[0] = 'C:/Program Files/Unity/Hub/Editor/2022.3.7f1/Editor/Data/Managed'
Mono path[1] = 'C:/Program Files/Unity/Hub/Editor/2022.3.7f1/Editor/Data/MonoBleedingEdge/lib/mono/unityjit-win32'
Mono config path = 'C:/Program Files/Unity/Hub/Editor/2022.3.7f1/Editor/Data/MonoBleedingEdge/etc'
Using monoOptions --debugger-agent=transport=dt_socket,embedding=1,server=y,suspend=n,address=127.0.0.1:56084
Begin MonoManager ReloadAssembly
Registering precompiled unity dll's ...
Register platform support module: C:/Program Files/Unity/Hub/Editor/2022.3.7f1/Editor/Data/PlaybackEngines/WebGLSupport/UnityEditor.WebGL.Extensions.dll
Register platform support module: C:/Program Files/Unity/Hub/Editor/2022.3.7f1/Editor/Data/PlaybackEngines/WindowsStandaloneSupport/UnityEditor.WindowsStandalone.Extensions.dll
Registered in 0.014916 seconds.
- Loaded All Assemblies, in  0.585 seconds
Native extension for WindowsStandalone target not found
Native extension for WebGL target not found
Mono: successfully reloaded assembly
- Finished resetting the current domain, in  0.423 seconds
Domain Reload Profiling: 1006ms
	BeginReloadAssembly (181ms)
		ExecutionOrderSort (0ms)
		DisableScriptedObjects (0ms)
		BackupInstance (0ms)
		ReleaseScriptingObjects (0ms)
		CreateAndSetChildDomain (1ms)
	RebuildCommonClasses (74ms)
	RebuildNativeTypeToScriptingClass (17ms)
	initialDomainReloadingComplete (103ms)
	LoadAllAssembliesAndSetupDomain (207ms)
		LoadAssemblies (177ms)
		RebuildTransferFunctionScriptingTraits (0ms)
		AnalyzeDomain (204ms)
			TypeCache.Refresh (202ms)
				TypeCache.ScanAssembly (183ms)
			ScanForSourceGeneratedMonoScriptInfo (1ms)
			ResolveRequiredComponents (1ms)
	FinalizeReload (424ms)
		ReleaseScriptCaches (0ms)
		RebuildScriptCaches (0ms)
		SetupLoadedEditorAssemblies (334ms)
			LogAssemblyErrors (0ms)
			InitializePlatformSupportModulesInManaged (21ms)
			SetLoadedEditorAssemblies (9ms)
			RefreshPlugins (0ms)
			BeforeProcessingInitializeOnLoad (4ms)
			ProcessInitializeOnLoadAttributes (215ms)
			ProcessInitializeOnLoadMethodAttributes (86ms)
			AfterProcessingInitializeOnLoad (0ms)
			EditorAssembliesLoaded (0ms)
		ExecutionOrderSort2 (0ms)
		AwakeInstancesAfterBackupRestoration (0ms)
========================================================================
Worker process is ready to serve import requests
Begin MonoManager ReloadAssembly
Symbol file LoadedFromMemory doesn't match image E:\Unity\3DProject\Library\PackageCache\com.unity.visualscripting@1.8.0\Editor\VisualScripting.Core\Dependencies\YamlDotNet\Unity.VisualScripting.YamlDotNet.dll
Symbol file LoadedFromMemory doesn't match image E:\Unity\3DProject\Library\PackageCache\com.unity.visualscripting@1.8.0\Editor\VisualScripting.Core\Dependencies\DotNetZip\Unity.VisualScripting.IonicZip.dll
- Loaded All Assemblies, in  0.934 seconds
Refreshing native plugins compatible for Editor in 3.56 ms, found 3 plugins.
Native extension for WindowsStandalone target not found
Native extension for WebGL target not found
Mono: successfully reloaded assembly
- Finished resetting the current domain, in  0.853 seconds
Domain Reload Profiling: 1785ms
	BeginReloadAssembly (229ms)
		ExecutionOrderSort (0ms)
		DisableScriptedObjects (9ms)
		BackupInstance (0ms)
		ReleaseScriptingObjects (0ms)
		CreateAndSetChildDomain (32ms)
	RebuildCommonClasses (61ms)
	RebuildNativeTypeToScriptingClass (15ms)
	initialDomainReloadingComplete (60ms)
	LoadAllAssembliesAndSetupDomain (567ms)
		LoadAssemblies (440ms)
		RebuildTransferFunctionScriptingTraits (0ms)
		AnalyzeDomain (265ms)
			TypeCache.Refresh (233ms)
				TypeCache.ScanAssembly (213ms)
			ScanForSourceGeneratedMonoScriptInfo (24ms)
			ResolveRequiredComponents (5ms)
	FinalizeReload (853ms)
		ReleaseScriptCaches (0ms)
		RebuildScriptCaches (0ms)
		SetupLoadedEditorAssemblies (647ms)
			LogAssemblyErrors (0ms)
			InitializePlatformSupportModulesInManaged (10ms)
			SetLoadedEditorAssemblies (4ms)
			RefreshPlugins (0ms)
			BeforeProcessingInitializeOnLoad (80ms)
			ProcessInitializeOnLoadAttributes (517ms)
			ProcessInitializeOnLoadMethodAttributes (28ms)
			AfterProcessingInitializeOnLoad (8ms)
			EditorAssembliesLoaded (0ms)
		ExecutionOrderSort2 (0ms)
		AwakeInstancesAfterBackupRestoration (10ms)
Launched and connected shader compiler UnityShaderCompiler.exe after 0.10 seconds
Refreshing native plugins compatible for Editor in 4.38 ms, found 3 plugins.
Preloading 0 native plugins for Editor in 0.00 ms.
Unloading 3123 Unused Serialized files (Serialized files now loaded: 0)
Unloading 29 unused Assets / (56.3 KB). Loaded Objects now: 3585.
Memory consumption went from 123.4 MB to 123.4 MB.
Total: 5.081400 ms (FindLiveObjects: 0.529500 ms CreateObjectMapping: 0.184100 ms MarkObjects: 4.220500 ms  DeleteObjects: 0.145400 ms)

AssetImportParameters requested are different than current active one (requested -> active):
  custom:container-demuxer-ogg: 62fdf1f143b41e24485cea50d1cbac27 -> 
  custom:video-codec-MediaFoundation-h265: 746d11721c4dcdbdad8f713fa42b33f4 -> 
  custom:video-decoder-ogg-theora: a1e56fd34408186e4bbccfd4996cb3dc -> 
  custom:framework-win-MediaFoundation: 216162199b28c13a410421893ffa2e32 -> 
  custom:CustomObjectIndexerAttribute: 756ad292c208cfabdd7b50bc23989ffe -> 
  custom:container-demuxer-webm: 4f35f7cbe854078d1ac9338744f61a02 -> 
  custom:container-muxer-webm: aa71ff27fc2769a1b78a27578f13a17b -> 
  custom:video-decoder-webm-vp8: 9c59270c3fd7afecdb556c50c9e8de78 -> 
  custom:SearchIndexIgnoredProperties: e643bd26f0fe6173181afceb89e7c659 -> 
  custom:AudioImporter_EditorPlatform: d09bf68614088b80899f8185d706f6e7 -> 
  custom:video-encoder-webm-vp8: eb34c28f22e8b96e1ab97ce403110664 -> 
  custom:audio-decoder-ogg-vorbis: bf7c407c2cedff20999df2af8eb42d56 -> 
  custom:audio-encoder-webm-vorbis: bf7c407c2cedff20999df2af8eb42d56 -> 
========================================================================
Received Import Request.
  Time since last request: 1202962.500397 seconds.
  path: Assets/Package/Asset/KayKit_Restaurant_Bits_1.0_FREE/KayKit_Restaurant_Bits_1.0_FREE/Assets/obj/crate_ham.obj
  artifactKey: Guid(f71c3a0c9aa35de47a5eafc46d4cc1de) Importer(815301076,1909f56bfc062723c751e8b465ee728b)
Start importing Assets/Package/Asset/KayKit_Restaurant_Bits_1.0_FREE/KayKit_Restaurant_Bits_1.0_FREE/Assets/obj/crate_ham.obj using Guid(f71c3a0c9aa35de47a5eafc46d4cc1de) Importer(815301076,1909f56bfc062723c751e8b465ee728b)  -> (artifact id: '62ff0f05e0e1447ceeb45b3507f63612') in 0.397136 seconds
Number of updated asset objects reloaded before import = 0
Number of asset objects unloaded after import = 11
========================================================================
Received Import Request.
  Time since last request: 0.000037 seconds.
  path: Assets/Package/Asset/KayKit_Restaurant_Bits_1.0_FREE/KayKit_Restaurant_Bits_1.0_FREE/Assets/obj/crate.obj
  artifactKey: Guid(9b4bf2731c8524d4fbedcf4996ce580b) Importer(815301076,1909f56bfc062723c751e8b465ee728b)
Start importing Assets/Package/Asset/KayKit_Restaurant_Bits_1.0_FREE/KayKit_Restaurant_Bits_1.0_FREE/Assets/obj/crate.obj using Guid(9b4bf2731c8524d4fbedcf4996ce580b) Importer(815301076,1909f56bfc062723c751e8b465ee728b)  -> (artifact id: 'e093306168e56cf75d521c1816bd8a3b') in 0.062132 seconds
Number of updated asset objects reloaded before import = 0
Number of asset objects unloaded after import = 11
========================================================================
Received Import Request.
  Time since last request: 0.000040 seconds.
  path: Assets/Package/Asset/KayKit_Restaurant_Bits_1.0_FREE/KayKit_Restaurant_Bits_1.0_FREE/Assets/obj/chair_stool.obj
  artifactKey: Guid(654ff455d21583f40b0ab9640a0c8e8c) Importer(815301076,1909f56bfc062723c751e8b465ee728b)
Start importing Assets/Package/Asset/KayKit_Restaurant_Bits_1.0_FREE/KayKit_Restaurant_Bits_1.0_FREE/Assets/obj/chair_stool.obj using Guid(654ff455d21583f40b0ab9640a0c8e8c) Importer(815301076,1909f56bfc062723c751e8b465ee728b)  -> (artifact id: '444b962b1e0f03277a218cac0efee6c4') in 0.057036 seconds
Number of updated asset objects reloaded before import = 0
Number of asset objects unloaded after import = 11
========================================================================
Received Import Request.
  Time since last request: 0.000027 seconds.
  path: Assets/Package/Asset/KayKit_Restaurant_Bits_1.0_FREE/KayKit_Restaurant_Bits_1.0_FREE/Assets/obj/crate_carrots.obj
  artifactKey: Guid(493855e1e9e4e1247a6788661f306495) Importer(815301076,1909f56bfc062723c751e8b465ee728b)
Start importing Assets/Package/Asset/KayKit_Restaurant_Bits_1.0_FREE/KayKit_Restaurant_Bits_1.0_FREE/Assets/obj/crate_carrots.obj using Guid(493855e1e9e4e1247a6788661f306495) Importer(815301076,1909f56bfc062723c751e8b465ee728b)  -> (artifact id: '651463695244d56ec903e5181c513eee') in 0.055073 seconds
Number of updated asset objects reloaded before import = 0
Number of asset objects unloaded after import = 11
========================================================================
Received Import Request.
  Time since last request: 0.549894 seconds.
  path: Assets/Package/Asset/KayKit_Restaurant_Bits_1.0_FREE/KayKit_Restaurant_Bits_1.0_FREE/Assets/obj/bowl_small.obj
  artifactKey: Guid(3166f8ef8e96cec45b20081f96e247ac) Importer(815301076,1909f56bfc062723c751e8b465ee728b)
Start importing Assets/Package/Asset/KayKit_Restaurant_Bits_1.0_FREE/KayKit_Restaurant_Bits_1.0_FREE/Assets/obj/bowl_small.obj using Guid(3166f8ef8e96cec45b20081f96e247ac) Importer(815301076,1909f56bfc062723c751e8b465ee728b)  -> (artifact id: '5487b6727d6df939f0abab29ded371e4') in 0.057552 seconds
Number of updated asset objects reloaded before import = 0
Number of asset objects unloaded after import = 11
========================================================================
Received Import Request.
  Time since last request: 2.463699 seconds.
  path: Assets/Package/Asset/KayKit_Restaurant_Bits_1.0_FREE/KayKit_Restaurant_Bits_1.0_FREE/Assets/obj/bowl.obj
  artifactKey: Guid(8c4f69e4124babf428d9b0e8adb23106) Importer(815301076,1909f56bfc062723c751e8b465ee728b)
Start importing Assets/Package/Asset/KayKit_Restaurant_Bits_1.0_FREE/KayKit_Restaurant_Bits_1.0_FREE/Assets/obj/bowl.obj using Guid(8c4f69e4124babf428d9b0e8adb23106) Importer(815301076,1909f56bfc062723c751e8b465ee728b)  -> (artifact id: 'd7172b10ff2515845378d76a794f0693') in 0.065854 seconds
Number of updated asset objects reloaded before import = 0
Number of asset objects unloaded after import = 11
========================================================================
Received Import Request.
  Time since last request: 0.378368 seconds.
  path: Assets/Package/Asset/KayKit_Restaurant_Bits_1.0_FREE/KayKit_Restaurant_Bits_1.0_FREE/Assets/fbx (unity)/wall_window_closed.fbx
  artifactKey: Guid(a883abe16a93e6a44955cfe158d1725c) Importer(815301076,1909f56bfc062723c751e8b465ee728b)
Start importing Assets/Package/Asset/KayKit_Restaurant_Bits_1.0_FREE/KayKit_Restaurant_Bits_1.0_FREE/Assets/fbx (unity)/wall_window_closed.fbx using Guid(a883abe16a93e6a44955cfe158d1725c) Importer(815301076,1909f56bfc062723c751e8b465ee728b)  -> (artifact id: 'db32b1c89bb636ba20b4cd4e9c43287b') in 0.055264 seconds
Number of updated asset objects reloaded before import = 0
Number of asset objects unloaded after import = 9
========================================================================
Received Import Request.
  Time since last request: 0.000033 seconds.
  path: Assets/Package/Asset/KayKit_Restaurant_Bits_1.0_FREE/KayKit_Restaurant_Bits_1.0_FREE/Assets/fbx (unity)/wall_orderwindow_decorated.fbx
  artifactKey: Guid(67d2894127fac0649917a75d9bfd6fa8) Importer(815301076,1909f56bfc062723c751e8b465ee728b)
Start importing Assets/Package/Asset/KayKit_Restaurant_Bits_1.0_FREE/KayKit_Restaurant_Bits_1.0_FREE/Assets/fbx (unity)/wall_orderwindow_decorated.fbx using Guid(67d2894127fac0649917a75d9bfd6fa8) Importer(815301076,1909f56bfc062723c751e8b465ee728b)  -> (artifact id: '1d176f0bc0657868513c198cfce2c78b') in 0.060988 seconds
Number of updated asset objects reloaded before import = 0
Number of asset objects unloaded after import = 9
========================================================================
Received Import Request.
  Time since last request: 0.062524 seconds.
  path: Assets/Package/Asset/KayKit_Restaurant_Bits_1.0_FREE/KayKit_Restaurant_Bits_1.0_FREE/Assets/fbx (unity)/wall_doorway.fbx
  artifactKey: Guid(492476542d9c0e74eb2960bb869f634f) Importer(815301076,1909f56bfc062723c751e8b465ee728b)
Start importing Assets/Package/Asset/KayKit_Restaurant_Bits_1.0_FREE/KayKit_Restaurant_Bits_1.0_FREE/Assets/fbx (unity)/wall_doorway.fbx using Guid(492476542d9c0e74eb2960bb869f634f) Importer(815301076,1909f56bfc062723c751e8b465ee728b)  -> (artifact id: 'e6917ba7ac5d3a03df75adef4457cde3') in 0.058693 seconds
Number of updated asset objects reloaded before import = 0
Number of asset objects unloaded after import = 9
========================================================================
Received Import Request.
  Time since last request: 0.545448 seconds.
  path: Assets/Package/Asset/KayKit_Restaurant_Bits_1.0_FREE/KayKit_Restaurant_Bits_1.0_FREE/Assets/fbx (unity)/wall.fbx
  artifactKey: Guid(ab7261393ef71ee47a1c5986d6f158e5) Importer(815301076,1909f56bfc062723c751e8b465ee728b)
Start importing Assets/Package/Asset/KayKit_Restaurant_Bits_1.0_FREE/KayKit_Restaurant_Bits_1.0_FREE/Assets/fbx (unity)/wall.fbx using Guid(ab7261393ef71ee47a1c5986d6f158e5) Importer(815301076,1909f56bfc062723c751e8b465ee728b)  -> (artifact id: 'f3e60a21c913919bb493e57c2da65458') in 0.058268 seconds
Number of updated asset objects reloaded before import = 0
Number of asset objects unloaded after import = 9
========================================================================
Received Import Request.
  Time since last request: 0.000023 seconds.
  path: Assets/Package/Asset/KayKit_Restaurant_Bits_1.0_FREE/KayKit_Restaurant_Bits_1.0_FREE/Assets/fbx (unity)/table_round_B.fbx
  artifactKey: Guid(e61b9b54acd521d4ea2d1dfe84b64ddc) Importer(815301076,1909f56bfc062723c751e8b465ee728b)
Start importing Assets/Package/Asset/KayKit_Restaurant_Bits_1.0_FREE/KayKit_Restaurant_Bits_1.0_FREE/Assets/fbx (unity)/table_round_B.fbx using Guid(e61b9b54acd521d4ea2d1dfe84b64ddc) Importer(815301076,1909f56bfc062723c751e8b465ee728b)  -> (artifact id: 'ab6ed723ff55d0dc4825aaac27d9c9db') in 0.051591 seconds
Number of updated asset objects reloaded before import = 0
Number of asset objects unloaded after import = 9
========================================================================
Received Import Request.
  Time since last request: 0.001121 seconds.
  path: Assets/Package/Asset/KayKit_Restaurant_Bits_1.0_FREE/KayKit_Restaurant_Bits_1.0_FREE/Assets/fbx (unity)/table_round_A_small_decorated.fbx
  artifactKey: Guid(6f4790dafc596c247987969ceaebb3a0) Importer(815301076,1909f56bfc062723c751e8b465ee728b)
Start importing Assets/Package/Asset/KayKit_Restaurant_Bits_1.0_FREE/KayKit_Restaurant_Bits_1.0_FREE/Assets/fbx (unity)/table_round_A_small_decorated.fbx using Guid(6f4790dafc596c247987969ceaebb3a0) Importer(815301076,1909f56bfc062723c751e8b465ee728b)  -> (artifact id: '96be7ba666b4c91830e0f90b65c7b2dc') in 0.050811 seconds
Number of updated asset objects reloaded before import = 0
Number of asset objects unloaded after import = 9
========================================================================
Received Import Request.
  Time since last request: 0.028256 seconds.
  path: Assets/Package/Asset/KayKit_Restaurant_Bits_1.0_FREE/KayKit_Restaurant_Bits_1.0_FREE/Assets/obj/crate_potatoes.obj
  artifactKey: Guid(e8d3039d7f8a7e34687c197fdc651463) Importer(815301076,1909f56bfc062723c751e8b465ee728b)
Start importing Assets/Package/Asset/KayKit_Restaurant_Bits_1.0_FREE/KayKit_Restaurant_Bits_1.0_FREE/Assets/obj/crate_potatoes.obj using Guid(e8d3039d7f8a7e34687c197fdc651463) Importer(815301076,1909f56bfc062723c751e8b465ee728b)  -> (artifact id: '46d7ae296a44c214fc141e0f12c370ef') in 0.064370 seconds
Number of updated asset objects reloaded before import = 0
Number of asset objects unloaded after import = 11
========================================================================
Received Import Request.
  Time since last request: 0.000026 seconds.
  path: Assets/Package/Asset/KayKit_Restaurant_Bits_1.0_FREE/KayKit_Restaurant_Bits_1.0_FREE/Assets/obj/food_ingredient_ham.obj
  artifactKey: Guid(2c64c6e4566415141b36810354e4881f) Importer(815301076,1909f56bfc062723c751e8b465ee728b)
Start importing Assets/Package/Asset/KayKit_Restaurant_Bits_1.0_FREE/KayKit_Restaurant_Bits_1.0_FREE/Assets/obj/food_ingredient_ham.obj using Guid(2c64c6e4566415141b36810354e4881f) Importer(815301076,1909f56bfc062723c751e8b465ee728b)  -> (artifact id: 'a8cf7c725ab20dae454f967a64f582f2') in 0.060392 seconds
Number of updated asset objects reloaded before import = 0
Number of asset objects unloaded after import = 11
========================================================================
Received Import Request.
  Time since last request: 0.294608 seconds.
  path: Assets/Package/Asset/KayKit_Restaurant_Bits_1.0_FREE/KayKit_Restaurant_Bits_1.0_FREE/Assets/obj/food_ingredient_cheese_chopped.obj
  artifactKey: Guid(c23e25f1958df3949957795282cf06b8) Importer(815301076,1909f56bfc062723c751e8b465ee728b)
Start importing Assets/Package/Asset/KayKit_Restaurant_Bits_1.0_FREE/KayKit_Restaurant_Bits_1.0_FREE/Assets/obj/food_ingredient_cheese_chopped.obj using Guid(c23e25f1958df3949957795282cf06b8) Importer(815301076,1909f56bfc062723c751e8b465ee728b)  -> (artifact id: '13e5ed9795a37a297730147adfd048d6') in 0.060698 seconds
Number of updated asset objects reloaded before import = 0
Number of asset objects unloaded after import = 11
========================================================================
Received Import Request.
  Time since last request: 0.333054 seconds.
  path: Assets/Package/Asset/KayKit_Restaurant_Bits_1.0_FREE/KayKit_Restaurant_Bits_1.0_FREE/Assets/obj/food_ingredient_burger_uncooked.obj
  artifactKey: Guid(9abd39cf0f849914f9aadea344623507) Importer(815301076,1909f56bfc062723c751e8b465ee728b)
Start importing Assets/Package/Asset/KayKit_Restaurant_Bits_1.0_FREE/KayKit_Restaurant_Bits_1.0_FREE/Assets/obj/food_ingredient_burger_uncooked.obj using Guid(9abd39cf0f849914f9aadea344623507) Importer(815301076,1909f56bfc062723c751e8b465ee728b)  -> (artifact id: 'db4522551cd6dd1bf7f7ec71315693a5') in 0.053618 seconds
Number of updated asset objects reloaded before import = 0
Number of asset objects unloaded after import = 11
========================================================================
Received Import Request.
  Time since last request: 0.097546 seconds.
  path: Assets/Package/Asset/KayKit_Restaurant_Bits_1.0_FREE/KayKit_Restaurant_Bits_1.0_FREE/Assets/obj/food_dinner.obj
  artifactKey: Guid(afd86e7081422a64aa39b4c27de02076) Importer(815301076,1909f56bfc062723c751e8b465ee728b)
Start importing Assets/Package/Asset/KayKit_Restaurant_Bits_1.0_FREE/KayKit_Restaurant_Bits_1.0_FREE/Assets/obj/food_dinner.obj using Guid(afd86e7081422a64aa39b4c27de02076) Importer(815301076,1909f56bfc062723c751e8b465ee728b)  -> (artifact id: '5b65d3646641decc02624211fb03b89b') in 0.058409 seconds
Number of updated asset objects reloaded before import = 0
Number of asset objects unloaded after import = 11
========================================================================
Received Import Request.
  Time since last request: 0.527954 seconds.
  path: Assets/Package/Asset/KayKit_Restaurant_Bits_1.0_FREE/KayKit_Restaurant_Bits_1.0_FREE/Assets/obj/extractorhood.obj
  artifactKey: Guid(c36fded718e533846a668cb392f29704) Importer(815301076,1909f56bfc062723c751e8b465ee728b)
Start importing Assets/Package/Asset/KayKit_Restaurant_Bits_1.0_FREE/KayKit_Restaurant_Bits_1.0_FREE/Assets/obj/extractorhood.obj using Guid(c36fded718e533846a668cb392f29704) Importer(815301076,1909f56bfc062723c751e8b465ee728b)  -> (artifact id: '1e948e97fe7cc6490c1788e122964469') in 0.067137 seconds
Number of updated asset objects reloaded before import = 0
Number of asset objects unloaded after import = 11
========================================================================
Received Import Request.
  Time since last request: 1.087227 seconds.
  path: Assets/Package/Asset/KayKit_Restaurant_Bits_1.0_FREE/KayKit_Restaurant_Bits_1.0_FREE/Assets/fbx (unity)/table_round_A_decorated.fbx
  artifactKey: Guid(04518d76104aa4246aeaea465b6c60b4) Importer(815301076,1909f56bfc062723c751e8b465ee728b)
Start importing Assets/Package/Asset/KayKit_Restaurant_Bits_1.0_FREE/KayKit_Restaurant_Bits_1.0_FREE/Assets/fbx (unity)/table_round_A_decorated.fbx using Guid(04518d76104aa4246aeaea465b6c60b4) Importer(815301076,1909f56bfc062723c751e8b465ee728b)  -> (artifact id: 'd297308248922e5c8cc30f2d11e51866') in 0.054956 seconds
Number of updated asset objects reloaded before import = 0
Number of asset objects unloaded after import = 9
========================================================================
Received Import Request.
  Time since last request: 0.000026 seconds.
  path: Assets/Package/Asset/KayKit_Restaurant_Bits_1.0_FREE/KayKit_Restaurant_Bits_1.0_FREE/Assets/fbx (unity)/lid_B.fbx
  artifactKey: Guid(5f38bb3960e562f4db1756235a69febd) Importer(815301076,1909f56bfc062723c751e8b465ee728b)
Start importing Assets/Package/Asset/KayKit_Restaurant_Bits_1.0_FREE/KayKit_Restaurant_Bits_1.0_FREE/Assets/fbx (unity)/lid_B.fbx using Guid(5f38bb3960e562f4db1756235a69febd) Importer(815301076,1909f56bfc062723c751e8b465ee728b)  -> (artifact id: 'ad4b9b13a0cce51e970bc89a82604fba') in 0.046067 seconds
Number of updated asset objects reloaded before import = 0
Number of asset objects unloaded after import = 9
========================================================================
Received Import Request.
  Time since last request: 0.000027 seconds.
  path: Assets/Package/Asset/KayKit_Restaurant_Bits_1.0_FREE/KayKit_Restaurant_Bits_1.0_FREE/Assets/fbx (unity)/menu.fbx
  artifactKey: Guid(137b27af2ad7c504bbf9f46e47d593a8) Importer(815301076,1909f56bfc062723c751e8b465ee728b)
Start importing Assets/Package/Asset/KayKit_Restaurant_Bits_1.0_FREE/KayKit_Restaurant_Bits_1.0_FREE/Assets/fbx (unity)/menu.fbx using Guid(137b27af2ad7c504bbf9f46e47d593a8) Importer(815301076,1909f56bfc062723c751e8b465ee728b)  -> (artifact id: 'b486ccce89da95bdff89af5a727d585c') in 0.050379 seconds
Number of updated asset objects reloaded before import = 0
Number of asset objects unloaded after import = 9
========================================================================
Received Import Request.
  Time since last request: 0.000025 seconds.
  path: Assets/Package/Asset/KayKit_Restaurant_Bits_1.0_FREE/KayKit_Restaurant_Bits_1.0_FREE/Assets/fbx (unity)/pot_B_stew.fbx
  artifactKey: Guid(4da601d18b539bf42b367905a6b3c7e5) Importer(815301076,1909f56bfc062723c751e8b465ee728b)
Start importing Assets/Package/Asset/KayKit_Restaurant_Bits_1.0_FREE/KayKit_Restaurant_Bits_1.0_FREE/Assets/fbx (unity)/pot_B_stew.fbx using Guid(4da601d18b539bf42b367905a6b3c7e5) Importer(815301076,1909f56bfc062723c751e8b465ee728b)  -> (artifact id: 'c996ad7eb2efaacec7b7aa342bf4ca0d') in 0.046253 seconds
Number of updated asset objects reloaded before import = 0
Number of asset objects unloaded after import = 9
========================================================================
Received Import Request.
  Time since last request: 0.000034 seconds.
  path: Assets/Package/Asset/Tiny_Treats_House_Plants_1.0_FREE/Tiny_Treats_House_Plants_1.0_FREE/Assets/fbx(unity)/monstera_leaf_large_C.fbx
  artifactKey: Guid(64467bf24290c40479964fa0d6813f7a) Importer(815301076,1909f56bfc062723c751e8b465ee728b)
Start importing Assets/Package/Asset/Tiny_Treats_House_Plants_1.0_FREE/Tiny_Treats_House_Plants_1.0_FREE/Assets/fbx(unity)/monstera_leaf_large_C.fbx using Guid(64467bf24290c40479964fa0d6813f7a) Importer(815301076,1909f56bfc062723c751e8b465ee728b)  -> (artifact id: '5d18c4f4b173bca6d3fc6ba8a7b8db8e') in 0.045179 seconds
Number of updated asset objects reloaded before import = 0
Number of asset objects unloaded after import = 9
========================================================================
Received Import Request.
  Time since last request: 0.000042 seconds.
  path: Assets/Package/Asset/Tiny_Treats_House_Plants_1.0_FREE/Tiny_Treats_House_Plants_1.0_FREE/Assets/obj/succulent_B.obj
  artifactKey: Guid(2c5036fad28a33d41b188fccb51dd5da) Importer(815301076,1909f56bfc062723c751e8b465ee728b)
Start importing Assets/Package/Asset/Tiny_Treats_House_Plants_1.0_FREE/Tiny_Treats_House_Plants_1.0_FREE/Assets/obj/succulent_B.obj using Guid(2c5036fad28a33d41b188fccb51dd5da) Importer(815301076,1909f56bfc062723c751e8b465ee728b)  -> (artifact id: '78df2473b04fb2c83a95d259761f2a69') in 0.051602 seconds
Number of updated asset objects reloaded before import = 0
Number of asset objects unloaded after import = 11
========================================================================
Received Import Request.
  Time since last request: 0.000028 seconds.
  path: Assets/Package/Asset/Tiny_Treats_Charming_Kitchen_1.0_FREE/Tiny_Treats_Charming_Kitchen_1.0_FREE/Assets/fbx/container_kitchen_A_blue.fbx
  artifactKey: Guid(d8aff1dd0cdae6e4ab633dbfe1f145c9) Importer(815301076,1909f56bfc062723c751e8b465ee728b)
Start importing Assets/Package/Asset/Tiny_Treats_Charming_Kitchen_1.0_FREE/Tiny_Treats_Charming_Kitchen_1.0_FREE/Assets/fbx/container_kitchen_A_blue.fbx using Guid(d8aff1dd0cdae6e4ab633dbfe1f145c9) Importer(815301076,1909f56bfc062723c751e8b465ee728b)  -> (artifact id: '43e6f0464bbd21eb633ec95b0044dec9') in 0.042380 seconds
Number of updated asset objects reloaded before import = 0
Number of asset objects unloaded after import = 9
========================================================================
Received Import Request.
  Time since last request: 0.000027 seconds.
  path: Assets/Package/Asset/KayKit_Restaurant_Bits_1.0_FREE/KayKit_Restaurant_Bits_1.0_FREE/Assets/fbx (unity)/kitchencounter_straight_A_backsplash.fbx
  artifactKey: Guid(ff7d21fe14091dc4096437bb866cc622) Importer(815301076,1909f56bfc062723c751e8b465ee728b)
Start importing Assets/Package/Asset/KayKit_Restaurant_Bits_1.0_FREE/KayKit_Restaurant_Bits_1.0_FREE/Assets/fbx (unity)/kitchencounter_straight_A_backsplash.fbx using Guid(ff7d21fe14091dc4096437bb866cc622) Importer(815301076,1909f56bfc062723c751e8b465ee728b)  -> (artifact id: 'a5f9e38fe17478e8d2d776c31517cff3') in 0.045722 seconds
Number of updated asset objects reloaded before import = 0
Number of asset objects unloaded after import = 9
========================================================================
Received Import Request.
  Time since last request: 0.000027 seconds.
  path: Assets/Package/Asset/KayKit_Restaurant_Bits_1.0_FREE/KayKit_Restaurant_Bits_1.0_FREE/Assets/fbx (unity)/oven.fbx
  artifactKey: Guid(624d87f74f819ec449957c70fce51433) Importer(815301076,1909f56bfc062723c751e8b465ee728b)
Start importing Assets/Package/Asset/KayKit_Restaurant_Bits_1.0_FREE/KayKit_Restaurant_Bits_1.0_FREE/Assets/fbx (unity)/oven.fbx using Guid(624d87f74f819ec449957c70fce51433) Importer(815301076,1909f56bfc062723c751e8b465ee728b)  -> (artifact id: '139005056c01f48091fc5454587000db') in 0.059881 seconds
Number of updated asset objects reloaded before import = 0
Number of asset objects unloaded after import = 14
========================================================================
Received Import Request.
  Time since last request: 0.000026 seconds.
  path: Assets/Package/Asset/KayKit_Restaurant_Bits_1.0_FREE/KayKit_Restaurant_Bits_1.0_FREE/Assets/fbx/extractorhood.fbx
  artifactKey: Guid(1f0e59e1013154a46991eb9a681063f1) Importer(815301076,1909f56bfc062723c751e8b465ee728b)
Start importing Assets/Package/Asset/KayKit_Restaurant_Bits_1.0_FREE/KayKit_Restaurant_Bits_1.0_FREE/Assets/fbx/extractorhood.fbx using Guid(1f0e59e1013154a46991eb9a681063f1) Importer(815301076,1909f56bfc062723c751e8b465ee728b)  -> (artifact id: '640f62786e4e0f0097a468ec8680ab4e') in 0.042370 seconds
Number of updated asset objects reloaded before import = 0
Number of asset objects unloaded after import = 9
========================================================================
Received Import Request.
  Time since last request: 0.000033 seconds.
  path: Assets/Package/Asset/KayKit_Restaurant_Bits_1.0_FREE/KayKit_Restaurant_Bits_1.0_FREE/Assets/fbx (unity)/kitchentable_A_large.fbx
  artifactKey: Guid(c181dd40fa2282f49afb9e95e60a60bf) Importer(815301076,1909f56bfc062723c751e8b465ee728b)
Start importing Assets/Package/Asset/KayKit_Restaurant_Bits_1.0_FREE/KayKit_Restaurant_Bits_1.0_FREE/Assets/fbx (unity)/kitchentable_A_large.fbx using Guid(c181dd40fa2282f49afb9e95e60a60bf) Importer(815301076,1909f56bfc062723c751e8b465ee728b)  -> (artifact id: 'bce9f59271718fca8f84d09c0b37f5f3') in 0.042670 seconds
Number of updated asset objects reloaded before import = 0
Number of asset objects unloaded after import = 9
========================================================================
Received Import Request.
  Time since last request: 0.000046 seconds.
  path: Assets/Package/Asset/Tiny_Treats_House_Plants_1.0_FREE/Tiny_Treats_House_Plants_1.0_FREE/Assets/fbx(unity)/monstera_leaf_large_B.fbx
  artifactKey: Guid(51bce1ed4643ff642998ae1130b208c6) Importer(815301076,1909f56bfc062723c751e8b465ee728b)
Start importing Assets/Package/Asset/Tiny_Treats_House_Plants_1.0_FREE/Tiny_Treats_House_Plants_1.0_FREE/Assets/fbx(unity)/monstera_leaf_large_B.fbx using Guid(51bce1ed4643ff642998ae1130b208c6) Importer(815301076,1909f56bfc062723c751e8b465ee728b)  -> (artifact id: 'acf1d08dbf497828817eff4998a3d1ce') in 0.045918 seconds
Number of updated asset objects reloaded before import = 0
Number of asset objects unloaded after import = 9
========================================================================
Received Import Request.
  Time since last request: 0.000027 seconds.
  path: Assets/Package/Asset/KayKit_Restaurant_Bits_1.0_FREE/KayKit_Restaurant_Bits_1.0_FREE/Assets/fbx (unity)/pot_A.fbx
  artifactKey: Guid(531aea79e0ad1c44ebc15fbd359476cc) Importer(815301076,1909f56bfc062723c751e8b465ee728b)
Start importing Assets/Package/Asset/KayKit_Restaurant_Bits_1.0_FREE/KayKit_Restaurant_Bits_1.0_FREE/Assets/fbx (unity)/pot_A.fbx using Guid(531aea79e0ad1c44ebc15fbd359476cc) Importer(815301076,1909f56bfc062723c751e8b465ee728b)  -> (artifact id: 'b0564d0e7294c0bc1bfe0474267fa55e') in 0.040829 seconds
Number of updated asset objects reloaded before import = 0
Number of asset objects unloaded after import = 9
========================================================================
Received Import Request.
  Time since last request: 0.000026 seconds.
  path: Assets/Package/Asset/KayKit_Restaurant_Bits_1.0_FREE/KayKit_Restaurant_Bits_1.0_FREE/Assets/fbx (unity)/plate_small.fbx
  artifactKey: Guid(4c5784b9ff019c14594c8ae373222236) Importer(815301076,1909f56bfc062723c751e8b465ee728b)
Start importing Assets/Package/Asset/KayKit_Restaurant_Bits_1.0_FREE/KayKit_Restaurant_Bits_1.0_FREE/Assets/fbx (unity)/plate_small.fbx using Guid(4c5784b9ff019c14594c8ae373222236) Importer(815301076,1909f56bfc062723c751e8b465ee728b)  -> (artifact id: '1e7fe0e839a2595e6ac45e5fd5f29a04') in 0.038560 seconds
Number of updated asset objects reloaded before import = 0
Number of asset objects unloaded after import = 9
========================================================================
Received Import Request.
  Time since last request: 0.000122 seconds.
  path: Assets/Package/Asset/KayKit_Restaurant_Bits_1.0_FREE/KayKit_Restaurant_Bits_1.0_FREE/Assets/fbx/kitchencounter_outercorner_backsplash.fbx
  artifactKey: Guid(16436cd9abb671f439ec2621da0aa761) Importer(815301076,1909f56bfc062723c751e8b465ee728b)
Start importing Assets/Package/Asset/KayKit_Restaurant_Bits_1.0_FREE/KayKit_Restaurant_Bits_1.0_FREE/Assets/fbx/kitchencounter_outercorner_backsplash.fbx using Guid(16436cd9abb671f439ec2621da0aa761) Importer(815301076,1909f56bfc062723c751e8b465ee728b)  -> (artifact id: '5ccc943a6cf1b3b38e293dc0dc1e165f') in 0.037877 seconds
Number of updated asset objects reloaded before import = 0
Number of asset objects unloaded after import = 9
========================================================================
Received Import Request.
  Time since last request: 0.000030 seconds.
  path: Assets/Package/Asset/Tiny_Treats_House_Plants_1.0_FREE/Tiny_Treats_House_Plants_1.0_FREE/Assets/obj/watering_can_A.obj
  artifactKey: Guid(1eafd1cc41477774cae81b7e3008a48b) Importer(815301076,1909f56bfc062723c751e8b465ee728b)
Start importing Assets/Package/Asset/Tiny_Treats_House_Plants_1.0_FREE/Tiny_Treats_House_Plants_1.0_FREE/Assets/obj/watering_can_A.obj using Guid(1eafd1cc41477774cae81b7e3008a48b) Importer(815301076,1909f56bfc062723c751e8b465ee728b)  -> (artifact id: '430c2429f5bf442ea34a9d557e36d07d') in 0.048329 seconds
Number of updated asset objects reloaded before import = 0
Number of asset objects unloaded after import = 11
========================================================================
Received Import Request.
  Time since last request: 0.000044 seconds.
  path: Assets/Package/Asset/KayKit_Restaurant_Bits_1.0_FREE/KayKit_Restaurant_Bits_1.0_FREE/Assets/obj/food_ingredient_lettuce_chopped.obj
  artifactKey: Guid(9f1272c734d316641ab65b1bcb6091cf) Importer(815301076,1909f56bfc062723c751e8b465ee728b)
Start importing Assets/Package/Asset/KayKit_Restaurant_Bits_1.0_FREE/KayKit_Restaurant_Bits_1.0_FREE/Assets/obj/food_ingredient_lettuce_chopped.obj using Guid(9f1272c734d316641ab65b1bcb6091cf) Importer(815301076,1909f56bfc062723c751e8b465ee728b)  -> (artifact id: 'bb85281b9f9f69bf1b8e747f926ce757') in 0.048134 seconds
Number of updated asset objects reloaded before import = 0
Number of asset objects unloaded after import = 11
========================================================================
Received Import Request.
  Time since last request: 0.000044 seconds.
  path: Assets/Package/Asset/Tiny_Treats_House_Plants_1.0_FREE/Tiny_Treats_House_Plants_1.0_FREE/Assets/obj/saucer_B_small.obj
  artifactKey: Guid(c541fcc152a78e44aaee24a2469e83be) Importer(815301076,1909f56bfc062723c751e8b465ee728b)
Start importing Assets/Package/Asset/Tiny_Treats_House_Plants_1.0_FREE/Tiny_Treats_House_Plants_1.0_FREE/Assets/obj/saucer_B_small.obj using Guid(c541fcc152a78e44aaee24a2469e83be) Importer(815301076,1909f56bfc062723c751e8b465ee728b)  -> (artifact id: '5339cc8936068981c4e54550b32ec3a2') in 0.047415 seconds
Number of updated asset objects reloaded before import = 0
Number of asset objects unloaded after import = 11
========================================================================
Received Import Request.
  Time since last request: 0.000036 seconds.
  path: Assets/Package/Asset/KayKit_Restaurant_Bits_1.0_FREE/KayKit_Restaurant_Bits_1.0_FREE/Assets/fbx (unity)/pillar_A.fbx
  artifactKey: Guid(96623725c62cd1f46a2d6afeeb1e956e) Importer(815301076,1909f56bfc062723c751e8b465ee728b)
Start importing Assets/Package/Asset/KayKit_Restaurant_Bits_1.0_FREE/KayKit_Restaurant_Bits_1.0_FREE/Assets/fbx (unity)/pillar_A.fbx using Guid(96623725c62cd1f46a2d6afeeb1e956e) Importer(815301076,1909f56bfc062723c751e8b465ee728b)  -> (artifact id: '7f9e539ae56ed976d96583adeacd33fe') in 0.040496 seconds
Number of updated asset objects reloaded before import = 0
Number of asset objects unloaded after import = 9
========================================================================
Received Import Request.
  Time since last request: 0.000027 seconds.
  path: Assets/Package/Asset/KayKit_Restaurant_Bits_1.0_FREE/KayKit_Restaurant_Bits_1.0_FREE/Assets/fbx (unity)/kitchencounter_straight_decorated.fbx
  artifactKey: Guid(7a343e2d238744243bd4a433c8f4cb13) Importer(815301076,1909f56bfc062723c751e8b465ee728b)
Start importing Assets/Package/Asset/KayKit_Restaurant_Bits_1.0_FREE/KayKit_Restaurant_Bits_1.0_FREE/Assets/fbx (unity)/kitchencounter_straight_decorated.fbx using Guid(7a343e2d238744243bd4a433c8f4cb13) Importer(815301076,1909f56bfc062723c751e8b465ee728b)  -> (artifact id: 'e3ecdf4781a18d6c11f50d9b46f3e32f') in 0.042600 seconds
Number of updated asset objects reloaded before import = 0
Number of asset objects unloaded after import = 9
========================================================================
Received Import Request.
  Time since last request: 0.000029 seconds.
  path: Assets/Package/Asset/KayKit_Restaurant_Bits_1.0_FREE/KayKit_Restaurant_Bits_1.0_FREE/Assets/fbx/pan_006.fbx
  artifactKey: Guid(9237d338b96aa0f4baada3f1061f1a42) Importer(815301076,1909f56bfc062723c751e8b465ee728b)
Start importing Assets/Package/Asset/KayKit_Restaurant_Bits_1.0_FREE/KayKit_Restaurant_Bits_1.0_FREE/Assets/fbx/pan_006.fbx using Guid(9237d338b96aa0f4baada3f1061f1a42) Importer(815301076,1909f56bfc062723c751e8b465ee728b)  -> (artifact id: 'e01530986357e9d62c95587358e680bd') in 0.042013 seconds
Number of updated asset objects reloaded before import = 0
Number of asset objects unloaded after import = 9
========================================================================
Received Import Request.
  Time since last request: 0.000027 seconds.
  path: Assets/Package/Asset/Tiny_Treats_House_Plants_1.0_FREE/Tiny_Treats_House_Plants_1.0_FREE/Assets/fbx(unity)/monstera_leaf_medium_B.fbx
  artifactKey: Guid(5ff505eb04c56b54c8d3296ead819487) Importer(815301076,1909f56bfc062723c751e8b465ee728b)
Start importing Assets/Package/Asset/Tiny_Treats_House_Plants_1.0_FREE/Tiny_Treats_House_Plants_1.0_FREE/Assets/fbx(unity)/monstera_leaf_medium_B.fbx using Guid(5ff505eb04c56b54c8d3296ead819487) Importer(815301076,1909f56bfc062723c751e8b465ee728b)  -> (artifact id: '2c94ae9ca520f504e39f54efaf3b9546') in 0.047291 seconds
Number of updated asset objects reloaded before import = 0
Number of asset objects unloaded after import = 9
========================================================================
Received Import Request.
  Time since last request: 0.000028 seconds.
  path: Assets/Package/Asset/Tiny_Treats_Bubbly_Bathroom_1.0_FREE/Tiny_Treats_Bubbly_Bathroom_1.0_FREE/Assets/obj/towel_pink.obj
  artifactKey: Guid(f14f372302a0e0d41be3a794c7ff21df) Importer(815301076,1909f56bfc062723c751e8b465ee728b)
Start importing Assets/Package/Asset/Tiny_Treats_Bubbly_Bathroom_1.0_FREE/Tiny_Treats_Bubbly_Bathroom_1.0_FREE/Assets/obj/towel_pink.obj using Guid(f14f372302a0e0d41be3a794c7ff21df) Importer(815301076,1909f56bfc062723c751e8b465ee728b)  -> (artifact id: 'faaa848dafa6b74852af3df5ef7599f5') in 0.048122 seconds
Number of updated asset objects reloaded before import = 0
Number of asset objects unloaded after import = 11
========================================================================
Received Import Request.
  Time since last request: 0.000041 seconds.
  path: Assets/Package/Asset/Tiny_Treats_Charming_Kitchen_1.0_FREE/Tiny_Treats_Charming_Kitchen_1.0_FREE/Assets/fbx/extractor_hood.fbx
  artifactKey: Guid(61858063c4e4bcb4db4dfc3f73548662) Importer(815301076,1909f56bfc062723c751e8b465ee728b)
Start importing Assets/Package/Asset/Tiny_Treats_Charming_Kitchen_1.0_FREE/Tiny_Treats_Charming_Kitchen_1.0_FREE/Assets/fbx/extractor_hood.fbx using Guid(61858063c4e4bcb4db4dfc3f73548662) Importer(815301076,1909f56bfc062723c751e8b465ee728b)  -> (artifact id: 'df210778a08750324a0006c7a9567a74') in 0.040820 seconds
Number of updated asset objects reloaded before import = 0
Number of asset objects unloaded after import = 9
========================================================================
Received Import Request.
  Time since last request: 0.000024 seconds.
  path: Assets/Package/Asset/Tiny_Treats_Charming_Kitchen_1.0_FREE/Tiny_Treats_Charming_Kitchen_1.0_FREE/Assets/fbx/pan.fbx
  artifactKey: Guid(9cf92421b19a5b341b154b137f1c9d44) Importer(815301076,1909f56bfc062723c751e8b465ee728b)
Start importing Assets/Package/Asset/Tiny_Treats_Charming_Kitchen_1.0_FREE/Tiny_Treats_Charming_Kitchen_1.0_FREE/Assets/fbx/pan.fbx using Guid(9cf92421b19a5b341b154b137f1c9d44) Importer(815301076,1909f56bfc062723c751e8b465ee728b)  -> (artifact id: '4fe600e500ad64f399de92444283ad3e') in 0.036539 seconds
Number of updated asset objects reloaded before import = 0
Number of asset objects unloaded after import = 9
========================================================================
Received Import Request.
  Time since last request: 0.000029 seconds.
  path: Assets/Package/Asset/Tiny_Treats_Charming_Kitchen_1.0_FREE/Tiny_Treats_Charming_Kitchen_1.0_FREE/Assets/fbx/mug_yellow.fbx
  artifactKey: Guid(7a7e1c9694668b241af4becda53e55cf) Importer(815301076,1909f56bfc062723c751e8b465ee728b)
Start importing Assets/Package/Asset/Tiny_Treats_Charming_Kitchen_1.0_FREE/Tiny_Treats_Charming_Kitchen_1.0_FREE/Assets/fbx/mug_yellow.fbx using Guid(7a7e1c9694668b241af4becda53e55cf) Importer(815301076,1909f56bfc062723c751e8b465ee728b)  -> (artifact id: 'fc226d0dc3c9d92267abee1743ae0065') in 0.042241 seconds
Number of updated asset objects reloaded before import = 0
Number of asset objects unloaded after import = 9
========================================================================
Received Import Request.
  Time since last request: 0.000025 seconds.
  path: Assets/Package/Asset/Tiny_Treats_Charming_Kitchen_1.0_FREE/Tiny_Treats_Charming_Kitchen_1.0_FREE/Assets/fbx/wall_knife_rack.fbx
  artifactKey: Guid(a318bad796519d24db7321e76daec647) Importer(815301076,1909f56bfc062723c751e8b465ee728b)
Start importing Assets/Package/Asset/Tiny_Treats_Charming_Kitchen_1.0_FREE/Tiny_Treats_Charming_Kitchen_1.0_FREE/Assets/fbx/wall_knife_rack.fbx using Guid(a318bad796519d24db7321e76daec647) Importer(815301076,1909f56bfc062723c751e8b465ee728b)  -> (artifact id: 'd1ba0adc3cb252a9adc8217fa033d1d8') in 0.035327 seconds
Number of updated asset objects reloaded before import = 0
Number of asset objects unloaded after import = 9
========================================================================
Received Import Request.
  Time since last request: 0.000024 seconds.
  path: Assets/Package/Asset/Tiny_Treats_Bubbly_Bathroom_1.0_FREE/Tiny_Treats_Bubbly_Bathroom_1.0_FREE/Assets/obj/toothbrush_pink.obj
  artifactKey: Guid(c8b571336e19ea94db326732079d2f33) Importer(815301076,1909f56bfc062723c751e8b465ee728b)
Start importing Assets/Package/Asset/Tiny_Treats_Bubbly_Bathroom_1.0_FREE/Tiny_Treats_Bubbly_Bathroom_1.0_FREE/Assets/obj/toothbrush_pink.obj using Guid(c8b571336e19ea94db326732079d2f33) Importer(815301076,1909f56bfc062723c751e8b465ee728b)  -> (artifact id: '0e880cf1bb9b3981fb10b0e5af2fd7cc') in 0.044783 seconds
Number of updated asset objects reloaded before import = 0
Number of asset objects unloaded after import = 11
========================================================================
Received Import Request.
  Time since last request: 0.000026 seconds.
  path: Assets/Package/Asset/Tiny_Treats_Charming_Kitchen_1.0_FREE/Tiny_Treats_Charming_Kitchen_1.0_FREE/Assets/fbx/wall_cabinet_straight.fbx
  artifactKey: Guid(f782188539970324ea3255a032960261) Importer(815301076,1909f56bfc062723c751e8b465ee728b)
Start importing Assets/Package/Asset/Tiny_Treats_Charming_Kitchen_1.0_FREE/Tiny_Treats_Charming_Kitchen_1.0_FREE/Assets/fbx/wall_cabinet_straight.fbx using Guid(f782188539970324ea3255a032960261) Importer(815301076,1909f56bfc062723c751e8b465ee728b)  -> (artifact id: '2fefae41327e8182a2ca089a7ad211a7') in 0.040572 seconds
Number of updated asset objects reloaded before import = 0
Number of asset objects unloaded after import = 9
========================================================================
Received Import Request.
  Time since last request: 0.000033 seconds.
  path: Assets/Package/Asset/Tiny_Treats_Bubbly_Bathroom_1.0_FREE/Tiny_Treats_Bubbly_Bathroom_1.0_FREE/Assets/obj/toothbrush_blue.obj
  artifactKey: Guid(401674fcf85635a489637f86f0c58dfe) Importer(815301076,1909f56bfc062723c751e8b465ee728b)
Start importing Assets/Package/Asset/Tiny_Treats_Bubbly_Bathroom_1.0_FREE/Tiny_Treats_Bubbly_Bathroom_1.0_FREE/Assets/obj/toothbrush_blue.obj using Guid(401674fcf85635a489637f86f0c58dfe) Importer(815301076,1909f56bfc062723c751e8b465ee728b)  -> (artifact id: 'de10e2fd3fce043d0cf9534d35321bcc') in 0.044050 seconds
Number of updated asset objects reloaded before import = 0
Number of asset objects unloaded after import = 11
========================================================================
Received Import Request.
  Time since last request: 0.000066 seconds.
  path: Assets/Package/Asset/Tiny_Treats_Charming_Kitchen_1.0_FREE/Tiny_Treats_Charming_Kitchen_1.0_FREE/Assets/fbx/mug_red.fbx
  artifactKey: Guid(58e92ed50d660244a9f96e697d8cb5ac) Importer(815301076,1909f56bfc062723c751e8b465ee728b)
Start importing Assets/Package/Asset/Tiny_Treats_Charming_Kitchen_1.0_FREE/Tiny_Treats_Charming_Kitchen_1.0_FREE/Assets/fbx/mug_red.fbx using Guid(58e92ed50d660244a9f96e697d8cb5ac) Importer(815301076,1909f56bfc062723c751e8b465ee728b)  -> (artifact id: '6b3beafd04d9aba5590dad4d10f04c0a') in 0.037034 seconds
Number of updated asset objects reloaded before import = 0
Number of asset objects unloaded after import = 9
========================================================================
Received Import Request.
  Time since last request: 0.000027 seconds.
  path: Assets/Package/Asset/KayKit_Restaurant_Bits_1.0_FREE/KayKit_Restaurant_Bits_1.0_FREE/Assets/fbx (unity)/stove_single.fbx
  artifactKey: Guid(92d2f681480f2fb428686442c009735b) Importer(815301076,1909f56bfc062723c751e8b465ee728b)
Start importing Assets/Package/Asset/KayKit_Restaurant_Bits_1.0_FREE/KayKit_Restaurant_Bits_1.0_FREE/Assets/fbx (unity)/stove_single.fbx using Guid(92d2f681480f2fb428686442c009735b) Importer(815301076,1909f56bfc062723c751e8b465ee728b)  -> (artifact id: '5bb5fd7cf92584adb791e5f14e860140') in 0.040790 seconds
Number of updated asset objects reloaded before import = 0
Number of asset objects unloaded after import = 9
========================================================================
Received Import Request.
  Time since last request: 0.000029 seconds.
  path: Assets/Package/Asset/KayKit_Restaurant_Bits_1.0_FREE/KayKit_Restaurant_Bits_1.0_FREE/Assets/fbx (unity)/stove_single_countertop.fbx
  artifactKey: Guid(c2d86a2d3c6c5b54f80d88de2b8599fc) Importer(815301076,1909f56bfc062723c751e8b465ee728b)
Start importing Assets/Package/Asset/KayKit_Restaurant_Bits_1.0_FREE/KayKit_Restaurant_Bits_1.0_FREE/Assets/fbx (unity)/stove_single_countertop.fbx using Guid(c2d86a2d3c6c5b54f80d88de2b8599fc) Importer(815301076,1909f56bfc062723c751e8b465ee728b)  -> (artifact id: 'eb4a95124c5f000dca7535e6555584c9') in 0.041311 seconds
Number of updated asset objects reloaded before import = 0
Number of asset objects unloaded after import = 9
========================================================================
Received Import Request.
  Time since last request: 0.251807 seconds.
  path: Assets/Package/Asset/Tiny_Treats_Charming_Kitchen_1.0_FREE/Tiny_Treats_Charming_Kitchen_1.0_FREE/Assets/fbx/stove.fbx
  artifactKey: Guid(d186bc50a822c724da9a18a71dee5a33) Importer(815301076,1909f56bfc062723c751e8b465ee728b)
Start importing Assets/Package/Asset/Tiny_Treats_Charming_Kitchen_1.0_FREE/Tiny_Treats_Charming_Kitchen_1.0_FREE/Assets/fbx/stove.fbx using Guid(d186bc50a822c724da9a18a71dee5a33) Importer(815301076,1909f56bfc062723c751e8b465ee728b)  -> (artifact id: '29c91e8b95c6b50a8be63ef2033e96f1') in 0.488470 seconds
Number of updated asset objects reloaded before import = 0
Number of asset objects unloaded after import = 15
========================================================================
Received Import Request.
  Time since last request: 0.000028 seconds.
  path: Assets/Package/Asset/Tiny_Treats_Bubbly_Bathroom_1.0_FREE/Tiny_Treats_Bubbly_Bathroom_1.0_FREE/Assets/fbx/towel_blue.fbx
  artifactKey: Guid(644648f74fb463d4a9e04469fdc7548e) Importer(815301076,1909f56bfc062723c751e8b465ee728b)
Start importing Assets/Package/Asset/Tiny_Treats_Bubbly_Bathroom_1.0_FREE/Tiny_Treats_Bubbly_Bathroom_1.0_FREE/Assets/fbx/towel_blue.fbx using Guid(644648f74fb463d4a9e04469fdc7548e) Importer(815301076,1909f56bfc062723c751e8b465ee728b)  -> (artifact id: '4424541db4f5edfc702065408f11a8f0') in 0.039278 seconds
Number of updated asset objects reloaded before import = 0
Number of asset objects unloaded after import = 9
========================================================================
Received Import Request.
  Time since last request: 0.000041 seconds.
  path: Assets/Package/Asset/Tiny_Treats_Bubbly_Bathroom_1.0_FREE/Tiny_Treats_Bubbly_Bathroom_1.0_FREE/Assets/fbx/towel_yellow.fbx
  artifactKey: Guid(2339c6938b5316346b074b0e2842a9b9) Importer(815301076,1909f56bfc062723c751e8b465ee728b)
Start importing Assets/Package/Asset/Tiny_Treats_Bubbly_Bathroom_1.0_FREE/Tiny_Treats_Bubbly_Bathroom_1.0_FREE/Assets/fbx/towel_yellow.fbx using Guid(2339c6938b5316346b074b0e2842a9b9) Importer(815301076,1909f56bfc062723c751e8b465ee728b)  -> (artifact id: 'e9ffe88372007b04ab4ba6322b877ab0') in 0.042231 seconds
Number of updated asset objects reloaded before import = 0
Number of asset objects unloaded after import = 9
========================================================================
Received Import Request.
  Time since last request: 0.000030 seconds.
  path: Assets/Package/Asset/Tiny_Treats_Bubbly_Bathroom_1.0_FREE/Tiny_Treats_Bubbly_Bathroom_1.0_FREE/Assets/fbx(unity)/bath.fbx
  artifactKey: Guid(a5d3bb95e5234d84f8ecf0da13697479) Importer(815301076,1909f56bfc062723c751e8b465ee728b)
Start importing Assets/Package/Asset/Tiny_Treats_Bubbly_Bathroom_1.0_FREE/Tiny_Treats_Bubbly_Bathroom_1.0_FREE/Assets/fbx(unity)/bath.fbx using Guid(a5d3bb95e5234d84f8ecf0da13697479) Importer(815301076,1909f56bfc062723c751e8b465ee728b)  -> (artifact id: '8520ecd1b723d238e309b29dbfb0385e') in 0.054557 seconds
Number of updated asset objects reloaded before import = 0
Number of asset objects unloaded after import = 14
========================================================================
Received Import Request.
  Time since last request: 0.000033 seconds.
  path: Assets/Package/Asset/Tiny_Treats_Bubbly_Bathroom_1.0_FREE/Tiny_Treats_Bubbly_Bathroom_1.0_FREE/Assets/fbx/mirror.fbx
  artifactKey: Guid(7e078702c2b0b704086d55729cfcefb8) Importer(815301076,1909f56bfc062723c751e8b465ee728b)
Start importing Assets/Package/Asset/Tiny_Treats_Bubbly_Bathroom_1.0_FREE/Tiny_Treats_Bubbly_Bathroom_1.0_FREE/Assets/fbx/mirror.fbx using Guid(7e078702c2b0b704086d55729cfcefb8) Importer(815301076,1909f56bfc062723c751e8b465ee728b)  -> (artifact id: 'fbe7c9e3a3bf397924b4eaa72a710a92') in 0.038236 seconds
Number of updated asset objects reloaded before import = 0
Number of asset objects unloaded after import = 9
========================================================================
Received Import Request.
  Time since last request: 0.000024 seconds.
  path: Assets/Package/Asset/Tiny_Treats_Bubbly_Bathroom_1.0_FREE/Tiny_Treats_Bubbly_Bathroom_1.0_FREE/Assets/fbx/bath.fbx
  artifactKey: Guid(bcfc51689f5b24f4ab65716d2c07bbdd) Importer(815301076,1909f56bfc062723c751e8b465ee728b)
Start importing Assets/Package/Asset/Tiny_Treats_Bubbly_Bathroom_1.0_FREE/Tiny_Treats_Bubbly_Bathroom_1.0_FREE/Assets/fbx/bath.fbx using Guid(bcfc51689f5b24f4ab65716d2c07bbdd) Importer(815301076,1909f56bfc062723c751e8b465ee728b)  -> (artifact id: '889a4d038110f3c24915365c84533c06') in 0.055467 seconds
Number of updated asset objects reloaded before import = 0
Number of asset objects unloaded after import = 14
========================================================================
Received Import Request.
  Time since last request: 0.000042 seconds.
  path: Assets/Package/Asset/Tiny_Treats_Bubbly_Bathroom_1.0_FREE/Tiny_Treats_Bubbly_Bathroom_1.0_FREE/Assets/fbx/container_bathroom_A_blue.fbx
  artifactKey: Guid(c826cd3695979294fb41cc9d0a0e2389) Importer(815301076,1909f56bfc062723c751e8b465ee728b)
Start importing Assets/Package/Asset/Tiny_Treats_Bubbly_Bathroom_1.0_FREE/Tiny_Treats_Bubbly_Bathroom_1.0_FREE/Assets/fbx/container_bathroom_A_blue.fbx using Guid(c826cd3695979294fb41cc9d0a0e2389) Importer(815301076,1909f56bfc062723c751e8b465ee728b)  -> (artifact id: '2330e4099e4ab83bf1be3ce17a76b15d') in 0.043286 seconds
Number of updated asset objects reloaded before import = 0
Number of asset objects unloaded after import = 9
========================================================================
Received Import Request.
  Time since last request: 0.000034 seconds.
  path: Assets/Package/Asset/Tiny_Treats_Bubbly_Bathroom_1.0_FREE/Tiny_Treats_Bubbly_Bathroom_1.0_FREE/Assets/fbx(unity)/towel_yellow.fbx
  artifactKey: Guid(a63e5c1a55da5f841b93dad11b76671a) Importer(815301076,1909f56bfc062723c751e8b465ee728b)
Start importing Assets/Package/Asset/Tiny_Treats_Bubbly_Bathroom_1.0_FREE/Tiny_Treats_Bubbly_Bathroom_1.0_FREE/Assets/fbx(unity)/towel_yellow.fbx using Guid(a63e5c1a55da5f841b93dad11b76671a) Importer(815301076,1909f56bfc062723c751e8b465ee728b)  -> (artifact id: 'fea4938636dbfadecb3cdf811e741487') in 0.041209 seconds
Number of updated asset objects reloaded before import = 0
Number of asset objects unloaded after import = 9
========================================================================
Received Import Request.
  Time since last request: 0.000053 seconds.
  path: Assets/Package/Asset/Tiny_Treats_Bubbly_Bathroom_1.0_FREE/Tiny_Treats_Bubbly_Bathroom_1.0_FREE/Assets/obj/bath.obj
  artifactKey: Guid(11fbd58e299895b419d9597a998f9da7) Importer(815301076,1909f56bfc062723c751e8b465ee728b)
Start importing Assets/Package/Asset/Tiny_Treats_Bubbly_Bathroom_1.0_FREE/Tiny_Treats_Bubbly_Bathroom_1.0_FREE/Assets/obj/bath.obj using Guid(11fbd58e299895b419d9597a998f9da7) Importer(815301076,1909f56bfc062723c751e8b465ee728b)  -> (artifact id: 'f0aac80b4d722d245525ad513c7eb152') in 0.052617 seconds
Number of updated asset objects reloaded before import = 0
Number of asset objects unloaded after import = 11
========================================================================
Received Import Request.
  Time since last request: 0.000031 seconds.
  path: Assets/Package/Asset/Tiny_Treats_Bubbly_Bathroom_1.0_FREE/Tiny_Treats_Bubbly_Bathroom_1.0_FREE/Assets/obj/container_bathroom_B_blue.obj
  artifactKey: Guid(546640bda1b0af14ab5e151d7964ddfc) Importer(815301076,1909f56bfc062723c751e8b465ee728b)
Start importing Assets/Package/Asset/Tiny_Treats_Bubbly_Bathroom_1.0_FREE/Tiny_Treats_Bubbly_Bathroom_1.0_FREE/Assets/obj/container_bathroom_B_blue.obj using Guid(546640bda1b0af14ab5e151d7964ddfc) Importer(815301076,1909f56bfc062723c751e8b465ee728b)  -> (artifact id: 'e387a4632c6f36a17bd2a901f63d04df') in 0.048937 seconds
Number of updated asset objects reloaded before import = 0
Number of asset objects unloaded after import = 11
========================================================================
Received Import Request.
  Time since last request: 0.000033 seconds.
  path: Assets/Package/Asset/Tiny_Treats_Bubbly_Bathroom_1.0_FREE/Tiny_Treats_Bubbly_Bathroom_1.0_FREE/Assets/fbx(unity)/container_bathroom_B_yellow.fbx
  artifactKey: Guid(79550f538e25df04fa901594321661bf) Importer(815301076,1909f56bfc062723c751e8b465ee728b)
Start importing Assets/Package/Asset/Tiny_Treats_Bubbly_Bathroom_1.0_FREE/Tiny_Treats_Bubbly_Bathroom_1.0_FREE/Assets/fbx(unity)/container_bathroom_B_yellow.fbx using Guid(79550f538e25df04fa901594321661bf) Importer(815301076,1909f56bfc062723c751e8b465ee728b)  -> (artifact id: '986396820749dc0f50a6df9cc5d006a6') in 0.045511 seconds
Number of updated asset objects reloaded before import = 0
Number of asset objects unloaded after import = 9
========================================================================
Received Import Request.
  Time since last request: 0.000023 seconds.
  path: Assets/Package/Asset/Tiny_Treats_Bubbly_Bathroom_1.0_FREE/Tiny_Treats_Bubbly_Bathroom_1.0_FREE/Assets/fbx(unity)/container_bathroom_C_yellow.fbx
  artifactKey: Guid(02cfdda90ea743a4581f9d29f71b50a1) Importer(815301076,1909f56bfc062723c751e8b465ee728b)
Start importing Assets/Package/Asset/Tiny_Treats_Bubbly_Bathroom_1.0_FREE/Tiny_Treats_Bubbly_Bathroom_1.0_FREE/Assets/fbx(unity)/container_bathroom_C_yellow.fbx using Guid(02cfdda90ea743a4581f9d29f71b50a1) Importer(815301076,1909f56bfc062723c751e8b465ee728b)  -> (artifact id: '007cb9f43054da132c2ff40ce6a33895') in 0.043076 seconds
Number of updated asset objects reloaded before import = 0
Number of asset objects unloaded after import = 9
========================================================================
Received Import Request.
  Time since last request: 0.000032 seconds.
  path: Assets/Package/Asset/Tiny_Treats_Bubbly_Bathroom_1.0_FREE/Tiny_Treats_Bubbly_Bathroom_1.0_FREE/Assets/fbx(unity)/wall_tiled_doorway.fbx
  artifactKey: Guid(44d2b3da978e1d3419a159475dbb16d2) Importer(815301076,1909f56bfc062723c751e8b465ee728b)
Start importing Assets/Package/Asset/Tiny_Treats_Bubbly_Bathroom_1.0_FREE/Tiny_Treats_Bubbly_Bathroom_1.0_FREE/Assets/fbx(unity)/wall_tiled_doorway.fbx using Guid(44d2b3da978e1d3419a159475dbb16d2) Importer(815301076,1909f56bfc062723c751e8b465ee728b)  -> (artifact id: '524ebacad0592444670e1c79c53cb8ed') in 0.056204 seconds
Number of updated asset objects reloaded before import = 0
Number of asset objects unloaded after import = 14
========================================================================
Received Import Request.
  Time since last request: 0.000031 seconds.
  path: Assets/Package/Asset/Tiny_Treats_Bubbly_Bathroom_1.0_FREE/Tiny_Treats_Bubbly_Bathroom_1.0_FREE/Assets/fbx(unity)/mat.fbx
  artifactKey: Guid(a7ae806124f6c684fb2f8df76bf7f1a7) Importer(815301076,1909f56bfc062723c751e8b465ee728b)
Start importing Assets/Package/Asset/Tiny_Treats_Bubbly_Bathroom_1.0_FREE/Tiny_Treats_Bubbly_Bathroom_1.0_FREE/Assets/fbx(unity)/mat.fbx using Guid(a7ae806124f6c684fb2f8df76bf7f1a7) Importer(815301076,1909f56bfc062723c751e8b465ee728b)  -> (artifact id: 'cca81d90c60df2fe97e58a636732a2cd') in 0.044674 seconds
Number of updated asset objects reloaded before import = 0
Number of asset objects unloaded after import = 9
========================================================================
Received Import Request.
  Time since last request: 0.000042 seconds.
  path: Assets/Package/Asset/Tiny_Treats_Bubbly_Bathroom_1.0_FREE/Tiny_Treats_Bubbly_Bathroom_1.0_FREE/Assets/fbx(unity)/container_bathroom_D_yellow.fbx
  artifactKey: Guid(e85e0361e772c8a4a8349107afbe0f3c) Importer(815301076,1909f56bfc062723c751e8b465ee728b)
Start importing Assets/Package/Asset/Tiny_Treats_Bubbly_Bathroom_1.0_FREE/Tiny_Treats_Bubbly_Bathroom_1.0_FREE/Assets/fbx(unity)/container_bathroom_D_yellow.fbx using Guid(e85e0361e772c8a4a8349107afbe0f3c) Importer(815301076,1909f56bfc062723c751e8b465ee728b)  -> (artifact id: '889cabb656f6cdbaa3bbecfdbc1634e1') in 0.042464 seconds
Number of updated asset objects reloaded before import = 0
Number of asset objects unloaded after import = 9
========================================================================
Received Import Request.
  Time since last request: 0.000025 seconds.
  path: Assets/Package/Asset/Tiny_Treats_Bubbly_Bathroom_1.0_FREE/Tiny_Treats_Bubbly_Bathroom_1.0_FREE/Assets/fbx(unity)/towel_stacked.fbx
  artifactKey: Guid(5be8f15d8830d6b409a3ca364761662a) Importer(815301076,1909f56bfc062723c751e8b465ee728b)
Start importing Assets/Package/Asset/Tiny_Treats_Bubbly_Bathroom_1.0_FREE/Tiny_Treats_Bubbly_Bathroom_1.0_FREE/Assets/fbx(unity)/towel_stacked.fbx using Guid(5be8f15d8830d6b409a3ca364761662a) Importer(815301076,1909f56bfc062723c751e8b465ee728b)  -> (artifact id: 'a295624c1ea85b7812c66eb59530d39e') in 0.037766 seconds
Number of updated asset objects reloaded before import = 0
Number of asset objects unloaded after import = 9
========================================================================
Received Import Request.
  Time since last request: 0.000025 seconds.
  path: Assets/Package/Asset/Tiny_Treats_Bubbly_Bathroom_1.0_FREE/Tiny_Treats_Bubbly_Bathroom_1.0_FREE/Assets/fbx(unity)/wall_tiled_corner_inner.fbx
  artifactKey: Guid(4c7da84b0d87fd14fb9efa12ea642b9b) Importer(815301076,1909f56bfc062723c751e8b465ee728b)
Start importing Assets/Package/Asset/Tiny_Treats_Bubbly_Bathroom_1.0_FREE/Tiny_Treats_Bubbly_Bathroom_1.0_FREE/Assets/fbx(unity)/wall_tiled_corner_inner.fbx using Guid(4c7da84b0d87fd14fb9efa12ea642b9b) Importer(815301076,1909f56bfc062723c751e8b465ee728b)  -> (artifact id: '938aa1398bc8cac651ced10c7cef9734') in 0.040674 seconds
Number of updated asset objects reloaded before import = 0
Number of asset objects unloaded after import = 9
========================================================================
Received Import Request.
  Time since last request: 0.114123 seconds.
  path: Assets/Package/Asset/Tiny_Treats_Charming_Kitchen_1.0_FREE/Tiny_Treats_Charming_Kitchen_1.0_FREE/Assets/fbx/wall_plain_kitchen_straight.fbx
  artifactKey: Guid(ef8b39e2a39c9dd4396550ed0d8bf896) Importer(815301076,1909f56bfc062723c751e8b465ee728b)
Start importing Assets/Package/Asset/Tiny_Treats_Charming_Kitchen_1.0_FREE/Tiny_Treats_Charming_Kitchen_1.0_FREE/Assets/fbx/wall_plain_kitchen_straight.fbx using Guid(ef8b39e2a39c9dd4396550ed0d8bf896) Importer(815301076,1909f56bfc062723c751e8b465ee728b)  -> (artifact id: '268bac0243b5f3d6393526959daf8435') in 0.038355 seconds
Number of updated asset objects reloaded before import = 0
Number of asset objects unloaded after import = 9
========================================================================
Received Import Request.
  Time since last request: 0.000025 seconds.
  path: Assets/Package/Asset/Tiny_Treats_Charming_Kitchen_1.0_FREE/Tiny_Treats_Charming_Kitchen_1.0_FREE/Assets/obj/wall_tiles_kitchen_doorway_wall_tiles_kitchen_door.obj
  artifactKey: Guid(3e49203408b9f484f9be7d8317470a13) Importer(815301076,1909f56bfc062723c751e8b465ee728b)
Start importing Assets/Package/Asset/Tiny_Treats_Charming_Kitchen_1.0_FREE/Tiny_Treats_Charming_Kitchen_1.0_FREE/Assets/obj/wall_tiles_kitchen_doorway_wall_tiles_kitchen_door.obj using Guid(3e49203408b9f484f9be7d8317470a13) Importer(815301076,1909f56bfc062723c751e8b465ee728b)  -> (artifact id: 'c61f19b7d5d2ee61c33d4a778d030292') in 0.050288 seconds
Number of updated asset objects reloaded before import = 0
Number of asset objects unloaded after import = 12
========================================================================
Received Import Request.
  Time since last request: 0.000032 seconds.
  path: Assets/Package/Asset/Tiny_Treats_Charming_Kitchen_1.0_FREE/Tiny_Treats_Charming_Kitchen_1.0_FREE/Assets/obj/wall_tiles_kitchen_window.obj
  artifactKey: Guid(721e4c63e9376a54d9a09890b1be32bf) Importer(815301076,1909f56bfc062723c751e8b465ee728b)
Start importing Assets/Package/Asset/Tiny_Treats_Charming_Kitchen_1.0_FREE/Tiny_Treats_Charming_Kitchen_1.0_FREE/Assets/obj/wall_tiles_kitchen_window.obj using Guid(721e4c63e9376a54d9a09890b1be32bf) Importer(815301076,1909f56bfc062723c751e8b465ee728b)  -> (artifact id: 'f27645c0d3fd37860717f89fea50cdab') in 0.059222 seconds
Number of updated asset objects reloaded before import = 0
Number of asset objects unloaded after import = 12
========================================================================
Received Import Request.
  Time since last request: 0.000025 seconds.
  path: Assets/Package/Asset/Tiny_Treats_House_Plants_1.0_FREE/Tiny_Treats_House_Plants_1.0_FREE/Assets/fbx/cacti_plant_pot_small.fbx
  artifactKey: Guid(9f20389c85d34454f9922b6454c3196f) Importer(815301076,1909f56bfc062723c751e8b465ee728b)
Start importing Assets/Package/Asset/Tiny_Treats_House_Plants_1.0_FREE/Tiny_Treats_House_Plants_1.0_FREE/Assets/fbx/cacti_plant_pot_small.fbx using Guid(9f20389c85d34454f9922b6454c3196f) Importer(815301076,1909f56bfc062723c751e8b465ee728b)  -> (artifact id: '8c5173f538d8be59dfd4e8ace91c3cf4') in 0.045310 seconds
Number of updated asset objects reloaded before import = 0
Number of asset objects unloaded after import = 9
========================================================================
Received Import Request.
  Time since last request: 0.000064 seconds.
  path: Assets/Package/Asset/Tiny_Treats_House_Plants_1.0_FREE/Tiny_Treats_House_Plants_1.0_FREE/Assets/fbx/monstera_leaf_large_A.fbx
  artifactKey: Guid(32f468365d456ad4e9c96ceb7a6d6eb9) Importer(815301076,1909f56bfc062723c751e8b465ee728b)
Start importing Assets/Package/Asset/Tiny_Treats_House_Plants_1.0_FREE/Tiny_Treats_House_Plants_1.0_FREE/Assets/fbx/monstera_leaf_large_A.fbx using Guid(32f468365d456ad4e9c96ceb7a6d6eb9) Importer(815301076,1909f56bfc062723c751e8b465ee728b)  -> (artifact id: '69614dd3e6651e0a8ca288d021dab86f') in 0.038275 seconds
Number of updated asset objects reloaded before import = 0
Number of asset objects unloaded after import = 9
========================================================================
Received Import Request.
  Time since last request: 0.000039 seconds.
  path: Assets/Package/Asset/Tiny_Treats_House_Plants_1.0_FREE/Tiny_Treats_House_Plants_1.0_FREE/Assets/fbx/monstera_leaf_large_B.fbx
  artifactKey: Guid(57588e15051021747a30b2eb7627e1a2) Importer(815301076,1909f56bfc062723c751e8b465ee728b)
Start importing Assets/Package/Asset/Tiny_Treats_House_Plants_1.0_FREE/Tiny_Treats_House_Plants_1.0_FREE/Assets/fbx/monstera_leaf_large_B.fbx using Guid(57588e15051021747a30b2eb7627e1a2) Importer(815301076,1909f56bfc062723c751e8b465ee728b)  -> (artifact id: 'cf8803874b87ffa1546f9d6e43c15ef5') in 0.038369 seconds
Number of updated asset objects reloaded before import = 0
Number of asset objects unloaded after import = 9
========================================================================
Received Import Request.
  Time since last request: 0.320721 seconds.
  path: Assets/Package/Asset/Tiny_Treats_Charming_Kitchen_1.0_FREE/Tiny_Treats_Charming_Kitchen_1.0_FREE/Assets/obj/papertowel_holder.obj
  artifactKey: Guid(590ab0d7115527c47965e88a338119c1) Importer(815301076,1909f56bfc062723c751e8b465ee728b)
Start importing Assets/Package/Asset/Tiny_Treats_Charming_Kitchen_1.0_FREE/Tiny_Treats_Charming_Kitchen_1.0_FREE/Assets/obj/papertowel_holder.obj using Guid(590ab0d7115527c47965e88a338119c1) Importer(815301076,1909f56bfc062723c751e8b465ee728b)  -> (artifact id: 'de17d1861818ee6164f6fc39a6131824') in 0.055106 seconds
Number of updated asset objects reloaded before import = 0
Number of asset objects unloaded after import = 11
========================================================================
Received Import Request.
  Time since last request: 0.000025 seconds.
  path: Assets/Package/Asset/Tiny_Treats_Charming_Kitchen_1.0_FREE/Tiny_Treats_Charming_Kitchen_1.0_FREE/Assets/obj/spoon.obj
  artifactKey: Guid(d6f7a1cade966344cb62085559e6c277) Importer(815301076,1909f56bfc062723c751e8b465ee728b)
Start importing Assets/Package/Asset/Tiny_Treats_Charming_Kitchen_1.0_FREE/Tiny_Treats_Charming_Kitchen_1.0_FREE/Assets/obj/spoon.obj using Guid(d6f7a1cade966344cb62085559e6c277) Importer(815301076,1909f56bfc062723c751e8b465ee728b)  -> (artifact id: 'f581cf799463e8bd60f4b55493b5862d') in 0.051874 seconds
Number of updated asset objects reloaded before import = 0
Number of asset objects unloaded after import = 11
========================================================================
Received Import Request.
  Time since last request: 0.000045 seconds.
  path: Assets/Package/Asset/Tiny_Treats_House_Plants_1.0_FREE/Tiny_Treats_House_Plants_1.0_FREE/Assets/fbx/monstera_leaf_medium_A.fbx
  artifactKey: Guid(38553d639a4fb1746aafad5179c06766) Importer(815301076,1909f56bfc062723c751e8b465ee728b)
Start importing Assets/Package/Asset/Tiny_Treats_House_Plants_1.0_FREE/Tiny_Treats_House_Plants_1.0_FREE/Assets/fbx/monstera_leaf_medium_A.fbx using Guid(38553d639a4fb1746aafad5179c06766) Importer(815301076,1909f56bfc062723c751e8b465ee728b)  -> (artifact id: '74ff1dfbe41f6872918f07d72c9e1cde') in 0.037294 seconds
Number of updated asset objects reloaded before import = 0
Number of asset objects unloaded after import = 9
========================================================================
Received Import Request.
  Time since last request: 0.000029 seconds.
  path: Assets/Package/Asset/Tiny_Treats_House_Plants_1.0_FREE/Tiny_Treats_House_Plants_1.0_FREE/Assets/fbx/pothos_plant_small_potted.fbx
  artifactKey: Guid(0f3193d4e94f25046b0dd4713095abf5) Importer(815301076,1909f56bfc062723c751e8b465ee728b)
Start importing Assets/Package/Asset/Tiny_Treats_House_Plants_1.0_FREE/Tiny_Treats_House_Plants_1.0_FREE/Assets/fbx/pothos_plant_small_potted.fbx using Guid(0f3193d4e94f25046b0dd4713095abf5) Importer(815301076,1909f56bfc062723c751e8b465ee728b)  -> (artifact id: '0dad7b3a0b9ae057fdc2cf70b850dade') in 0.041019 seconds
Number of updated asset objects reloaded before import = 0
Number of asset objects unloaded after import = 9
========================================================================
Received Import Request.
  Time since last request: 0.000026 seconds.
  path: Assets/Package/Asset/Tiny_Treats_House_Plants_1.0_FREE/Tiny_Treats_House_Plants_1.0_FREE/Assets/fbx/pothos_vine_medium_A.fbx
  artifactKey: Guid(4ab1043dc4cb60947856078f35c0970b) Importer(815301076,1909f56bfc062723c751e8b465ee728b)
Start importing Assets/Package/Asset/Tiny_Treats_House_Plants_1.0_FREE/Tiny_Treats_House_Plants_1.0_FREE/Assets/fbx/pothos_vine_medium_A.fbx using Guid(4ab1043dc4cb60947856078f35c0970b) Importer(815301076,1909f56bfc062723c751e8b465ee728b)  -> (artifact id: '2ad21423a1693484c484a853b7a1928f') in 0.038529 seconds
Number of updated asset objects reloaded before import = 0
Number of asset objects unloaded after import = 9
========================================================================
Received Import Request.
  Time since last request: 0.000029 seconds.
  path: Assets/Package/Asset/Tiny_Treats_Charming_Kitchen_1.0_FREE/Tiny_Treats_Charming_Kitchen_1.0_FREE/Assets/obj/toaster.obj
  artifactKey: Guid(7e7b67b57e7df5149820516eb7dad5f3) Importer(815301076,1909f56bfc062723c751e8b465ee728b)
Start importing Assets/Package/Asset/Tiny_Treats_Charming_Kitchen_1.0_FREE/Tiny_Treats_Charming_Kitchen_1.0_FREE/Assets/obj/toaster.obj using Guid(7e7b67b57e7df5149820516eb7dad5f3) Importer(815301076,1909f56bfc062723c751e8b465ee728b)  -> (artifact id: 'da52d403ff586a9a8a85434ed4de7e7c') in 0.044831 seconds
Number of updated asset objects reloaded before import = 0
Number of asset objects unloaded after import = 11
========================================================================
Received Import Request.
  Time since last request: 0.000039 seconds.
  path: Assets/Package/Asset/Tiny_Treats_House_Plants_1.0_FREE/Tiny_Treats_House_Plants_1.0_FREE/Assets/fbx/pothos_vine_large_C.fbx
  artifactKey: Guid(250cb212a9494fe45be94bc8ef393ba0) Importer(815301076,1909f56bfc062723c751e8b465ee728b)
Start importing Assets/Package/Asset/Tiny_Treats_House_Plants_1.0_FREE/Tiny_Treats_House_Plants_1.0_FREE/Assets/fbx/pothos_vine_large_C.fbx using Guid(250cb212a9494fe45be94bc8ef393ba0) Importer(815301076,1909f56bfc062723c751e8b465ee728b)  -> (artifact id: '6e3ed61c3e51f2e7ac4161708ce99486') in 0.041273 seconds
Number of updated asset objects reloaded before import = 0
Number of asset objects unloaded after import = 9
========================================================================
Received Import Request.
  Time since last request: 0.000030 seconds.
  path: Assets/Package/Asset/Tiny_Treats_House_Plants_1.0_FREE/Tiny_Treats_House_Plants_1.0_FREE/Assets/fbx/pothos_vine_large_A.fbx
  artifactKey: Guid(e2d158712849d344a8840ed85318fff2) Importer(815301076,1909f56bfc062723c751e8b465ee728b)
Start importing Assets/Package/Asset/Tiny_Treats_House_Plants_1.0_FREE/Tiny_Treats_House_Plants_1.0_FREE/Assets/fbx/pothos_vine_large_A.fbx using Guid(e2d158712849d344a8840ed85318fff2) Importer(815301076,1909f56bfc062723c751e8b465ee728b)  -> (artifact id: '4966999ca5b7c8496ec94044f38a66a5') in 0.038426 seconds
Number of updated asset objects reloaded before import = 0
Number of asset objects unloaded after import = 9
========================================================================
Received Import Request.
  Time since last request: 0.000043 seconds.
  path: Assets/Package/Asset/Tiny_Treats_Charming_Kitchen_1.0_FREE/Tiny_Treats_Charming_Kitchen_1.0_FREE/Assets/obj/wall_cabinet_straight.obj
  artifactKey: Guid(d04c7b3b986a3004788cca493ad7b83b) Importer(815301076,1909f56bfc062723c751e8b465ee728b)
Start importing Assets/Package/Asset/Tiny_Treats_Charming_Kitchen_1.0_FREE/Tiny_Treats_Charming_Kitchen_1.0_FREE/Assets/obj/wall_cabinet_straight.obj using Guid(d04c7b3b986a3004788cca493ad7b83b) Importer(815301076,1909f56bfc062723c751e8b465ee728b)  -> (artifact id: '5450fa78ace074bbbfb565fd7802d4f1') in 0.046422 seconds
Number of updated asset objects reloaded before import = 0
Number of asset objects unloaded after import = 11
========================================================================
Received Import Request.
  Time since last request: 0.000027 seconds.
  path: Assets/Package/Asset/Tiny_Treats_Charming_Kitchen_1.0_FREE/Tiny_Treats_Charming_Kitchen_1.0_FREE/Assets/obj/wall_papertowel_holder.obj
  artifactKey: Guid(0c1a95591ce7e0340953cb7d968f3f38) Importer(815301076,1909f56bfc062723c751e8b465ee728b)
Start importing Assets/Package/Asset/Tiny_Treats_Charming_Kitchen_1.0_FREE/Tiny_Treats_Charming_Kitchen_1.0_FREE/Assets/obj/wall_papertowel_holder.obj using Guid(0c1a95591ce7e0340953cb7d968f3f38) Importer(815301076,1909f56bfc062723c751e8b465ee728b)  -> (artifact id: '18d6a01305f13571f0b871824035b0de') in 0.045822 seconds
Number of updated asset objects reloaded before import = 0
Number of asset objects unloaded after import = 11
========================================================================
Received Import Request.
  Time since last request: 0.184287 seconds.
  path: Assets/Package/Asset/Tiny_Treats_House_Plants_1.0_FREE/Tiny_Treats_House_Plants_1.0_FREE/Assets/fbx/pothos_vine_small_A.fbx
  artifactKey: Guid(5cfca9a7f5a0f6b40ab53bd8e918587e) Importer(815301076,1909f56bfc062723c751e8b465ee728b)
Start importing Assets/Package/Asset/Tiny_Treats_House_Plants_1.0_FREE/Tiny_Treats_House_Plants_1.0_FREE/Assets/fbx/pothos_vine_small_A.fbx using Guid(5cfca9a7f5a0f6b40ab53bd8e918587e) Importer(815301076,1909f56bfc062723c751e8b465ee728b)  -> (artifact id: 'edfc0dd7e66e83500dd87778d2b00bad') in 0.056269 seconds
Number of updated asset objects reloaded before import = 0
Number of asset objects unloaded after import = 9
========================================================================
Received Import Request.
  Time since last request: 0.000027 seconds.
  path: Assets/Package/Asset/Tiny_Treats_House_Plants_1.0_FREE/Tiny_Treats_House_Plants_1.0_FREE/Assets/fbx/monstera_leaf_medium_C.fbx
  artifactKey: Guid(074366bf1ec6aa2419aff5644020bf58) Importer(815301076,1909f56bfc062723c751e8b465ee728b)
Start importing Assets/Package/Asset/Tiny_Treats_House_Plants_1.0_FREE/Tiny_Treats_House_Plants_1.0_FREE/Assets/fbx/monstera_leaf_medium_C.fbx using Guid(074366bf1ec6aa2419aff5644020bf58) Importer(815301076,1909f56bfc062723c751e8b465ee728b)  -> (artifact id: '5b41f888673a96cb63bc1b4b387d13d6') in 0.036088 seconds
Number of updated asset objects reloaded before import = 0
Number of asset objects unloaded after import = 9
========================================================================
Received Import Request.
  Time since last request: 0.000029 seconds.
  path: Assets/Package/Asset/Tiny_Treats_House_Plants_1.0_FREE/Tiny_Treats_House_Plants_1.0_FREE/Assets/fbx/pothos_vine_small_C.fbx
  artifactKey: Guid(ec47d09fb7ec85340bde50ea15deafca) Importer(815301076,1909f56bfc062723c751e8b465ee728b)
Start importing Assets/Package/Asset/Tiny_Treats_House_Plants_1.0_FREE/Tiny_Treats_House_Plants_1.0_FREE/Assets/fbx/pothos_vine_small_C.fbx using Guid(ec47d09fb7ec85340bde50ea15deafca) Importer(815301076,1909f56bfc062723c751e8b465ee728b)  -> (artifact id: '91801942e65754524f78a9f7d47d2b9f') in 0.037194 seconds
Number of updated asset objects reloaded before import = 0
Number of asset objects unloaded after import = 9
========================================================================
Received Import Request.
  Time since last request: 0.000029 seconds.
  path: Assets/Package/Asset/Tiny_Treats_House_Plants_1.0_FREE/Tiny_Treats_House_Plants_1.0_FREE/Assets/fbx/pot_A_medium.fbx
  artifactKey: Guid(ffb3254a2fa19dc4886e6e41f79c7272) Importer(815301076,1909f56bfc062723c751e8b465ee728b)
Start importing Assets/Package/Asset/Tiny_Treats_House_Plants_1.0_FREE/Tiny_Treats_House_Plants_1.0_FREE/Assets/fbx/pot_A_medium.fbx using Guid(ffb3254a2fa19dc4886e6e41f79c7272) Importer(815301076,1909f56bfc062723c751e8b465ee728b)  -> (artifact id: '9c641dd025f350049481008503d10e89') in 0.043207 seconds
Number of updated asset objects reloaded before import = 0
Number of asset objects unloaded after import = 9
========================================================================
Received Import Request.
  Time since last request: 0.000029 seconds.
  path: Assets/Package/Asset/Tiny_Treats_House_Plants_1.0_FREE/Tiny_Treats_House_Plants_1.0_FREE/Assets/fbx/pot_C_medium.fbx
  artifactKey: Guid(92833f05b68859647ba4ad47cb52fa05) Importer(815301076,1909f56bfc062723c751e8b465ee728b)
Start importing Assets/Package/Asset/Tiny_Treats_House_Plants_1.0_FREE/Tiny_Treats_House_Plants_1.0_FREE/Assets/fbx/pot_C_medium.fbx using Guid(92833f05b68859647ba4ad47cb52fa05) Importer(815301076,1909f56bfc062723c751e8b465ee728b)  -> (artifact id: 'eced3c59d39cf62af8c8182a1c118579') in 0.040183 seconds
Number of updated asset objects reloaded before import = 0
Number of asset objects unloaded after import = 9
========================================================================
Received Import Request.
  Time since last request: 0.000024 seconds.
  path: Assets/Package/Asset/Tiny_Treats_House_Plants_1.0_FREE/Tiny_Treats_House_Plants_1.0_FREE/Assets/fbx/pot_B_medium.fbx
  artifactKey: Guid(5a08370e06c69a04b906289581eec5f2) Importer(815301076,1909f56bfc062723c751e8b465ee728b)
Start importing Assets/Package/Asset/Tiny_Treats_House_Plants_1.0_FREE/Tiny_Treats_House_Plants_1.0_FREE/Assets/fbx/pot_B_medium.fbx using Guid(5a08370e06c69a04b906289581eec5f2) Importer(815301076,1909f56bfc062723c751e8b465ee728b)  -> (artifact id: '553295b63e7caaad4c250b7e80ae6a43') in 0.039434 seconds
Number of updated asset objects reloaded before import = 0
Number of asset objects unloaded after import = 9
========================================================================
Received Import Request.
  Time since last request: 0.000024 seconds.
  path: Assets/Package/Asset/Tiny_Treats_Charming_Kitchen_1.0_FREE/Tiny_Treats_Charming_Kitchen_1.0_FREE/Assets/fbx(unity)/spatula.fbx
  artifactKey: Guid(dee7a69e8a6bffb418b89d5fe37fa367) Importer(815301076,1909f56bfc062723c751e8b465ee728b)
Start importing Assets/Package/Asset/Tiny_Treats_Charming_Kitchen_1.0_FREE/Tiny_Treats_Charming_Kitchen_1.0_FREE/Assets/fbx(unity)/spatula.fbx using Guid(dee7a69e8a6bffb418b89d5fe37fa367) Importer(815301076,1909f56bfc062723c751e8b465ee728b)  -> (artifact id: '99231aa66c18137705d478bed2e2cc5b') in 0.050493 seconds
Number of updated asset objects reloaded before import = 0
Number of asset objects unloaded after import = 9
========================================================================
Received Import Request.
  Time since last request: 0.000026 seconds.
  path: Assets/Package/Asset/Tiny_Treats_House_Plants_1.0_FREE/Tiny_Treats_House_Plants_1.0_FREE/Assets/fbx/pot_B_small.fbx
  artifactKey: Guid(355a346ffcd2bf24bb1729917d9c6d6f) Importer(815301076,1909f56bfc062723c751e8b465ee728b)
Start importing Assets/Package/Asset/Tiny_Treats_House_Plants_1.0_FREE/Tiny_Treats_House_Plants_1.0_FREE/Assets/fbx/pot_B_small.fbx using Guid(355a346ffcd2bf24bb1729917d9c6d6f) Importer(815301076,1909f56bfc062723c751e8b465ee728b)  -> (artifact id: '40c5d23ee4500e325c156c2bccf8d8cd') in 0.040649 seconds
Number of updated asset objects reloaded before import = 0
Number of asset objects unloaded after import = 9
========================================================================
Received Import Request.
  Time since last request: 0.000053 seconds.
  path: Assets/Package/Asset/Tiny_Treats_House_Plants_1.0_FREE/Tiny_Treats_House_Plants_1.0_FREE/Assets/fbx/pot_B_large.fbx
  artifactKey: Guid(e648b8e75738e374bba4c6c09c3b7c83) Importer(815301076,1909f56bfc062723c751e8b465ee728b)
Start importing Assets/Package/Asset/Tiny_Treats_House_Plants_1.0_FREE/Tiny_Treats_House_Plants_1.0_FREE/Assets/fbx/pot_B_large.fbx using Guid(e648b8e75738e374bba4c6c09c3b7c83) Importer(815301076,1909f56bfc062723c751e8b465ee728b)  -> (artifact id: '3dd3407ba7e61f625d115cde46fd2678') in 0.038433 seconds
Number of updated asset objects reloaded before import = 0
Number of asset objects unloaded after import = 9
========================================================================
Received Import Request.
  Time since last request: 0.232638 seconds.
  path: Assets/Package/Asset/Tiny_Treats_Charming_Kitchen_1.0_FREE/Tiny_Treats_Charming_Kitchen_1.0_FREE/Assets/fbx(unity)/utensils_cup.fbx
  artifactKey: Guid(61f156398f1591f478c97f736e8e14ca) Importer(815301076,1909f56bfc062723c751e8b465ee728b)
Start importing Assets/Package/Asset/Tiny_Treats_Charming_Kitchen_1.0_FREE/Tiny_Treats_Charming_Kitchen_1.0_FREE/Assets/fbx(unity)/utensils_cup.fbx using Guid(61f156398f1591f478c97f736e8e14ca) Importer(815301076,1909f56bfc062723c751e8b465ee728b)  -> (artifact id: 'ed6bdfb7da17898e09f4fde288c93517') in 0.054701 seconds
Number of updated asset objects reloaded before import = 0
Number of asset objects unloaded after import = 9
========================================================================
Received Import Request.
  Time since last request: 0.000046 seconds.
  path: Assets/Package/Asset/Tiny_Treats_Charming_Kitchen_1.0_FREE/Tiny_Treats_Charming_Kitchen_1.0_FREE/Assets/fbx(unity)/kettle.fbx
  artifactKey: Guid(344c7762c84a60542ac867abf9244505) Importer(815301076,1909f56bfc062723c751e8b465ee728b)
Start importing Assets/Package/Asset/Tiny_Treats_Charming_Kitchen_1.0_FREE/Tiny_Treats_Charming_Kitchen_1.0_FREE/Assets/fbx(unity)/kettle.fbx using Guid(344c7762c84a60542ac867abf9244505) Importer(815301076,1909f56bfc062723c751e8b465ee728b)  -> (artifact id: '9773e9991e726d7721b9194877c9294a') in 0.048680 seconds
Number of updated asset objects reloaded before import = 0
Number of asset objects unloaded after import = 9
========================================================================
Received Import Request.
  Time since last request: 0.000031 seconds.
  path: Assets/Package/Asset/Tiny_Treats_Charming_Kitchen_1.0_FREE/Tiny_Treats_Charming_Kitchen_1.0_FREE/Assets/fbx(unity)/wall_shelf_kitchen_hooks_decorated.fbx
  artifactKey: Guid(2a558d6ef74b8c2429f293fcf6b093fe) Importer(815301076,1909f56bfc062723c751e8b465ee728b)
Start importing Assets/Package/Asset/Tiny_Treats_Charming_Kitchen_1.0_FREE/Tiny_Treats_Charming_Kitchen_1.0_FREE/Assets/fbx(unity)/wall_shelf_kitchen_hooks_decorated.fbx using Guid(2a558d6ef74b8c2429f293fcf6b093fe) Importer(815301076,1909f56bfc062723c751e8b465ee728b)  -> (artifact id: '0136b071d13ffba1339761ead13f0c45') in 0.045701 seconds
Number of updated asset objects reloaded before import = 0
Number of asset objects unloaded after import = 9
========================================================================
Received Import Request.
  Time since last request: 0.000030 seconds.
  path: Assets/Package/Asset/Tiny_Treats_Charming_Kitchen_1.0_FREE/Tiny_Treats_Charming_Kitchen_1.0_FREE/Assets/obj/blinds_kitchen.obj
  artifactKey: Guid(88bed6dadcbd24e4392769fed9bc7342) Importer(815301076,1909f56bfc062723c751e8b465ee728b)
Start importing Assets/Package/Asset/Tiny_Treats_Charming_Kitchen_1.0_FREE/Tiny_Treats_Charming_Kitchen_1.0_FREE/Assets/obj/blinds_kitchen.obj using Guid(88bed6dadcbd24e4392769fed9bc7342) Importer(815301076,1909f56bfc062723c751e8b465ee728b)  -> (artifact id: 'c3f86573bb5f105056002561b63202d0') in 0.049300 seconds
Number of updated asset objects reloaded before import = 0
Number of asset objects unloaded after import = 11
========================================================================
Received Import Request.
  Time since last request: 0.000028 seconds.
  path: Assets/Package/Asset/Tiny_Treats_Charming_Kitchen_1.0_FREE/Tiny_Treats_Charming_Kitchen_1.0_FREE/Assets/obj/knife.obj
  artifactKey: Guid(72d3edce1be3667479e5bfff6e8f2b93) Importer(815301076,1909f56bfc062723c751e8b465ee728b)
Start importing Assets/Package/Asset/Tiny_Treats_Charming_Kitchen_1.0_FREE/Tiny_Treats_Charming_Kitchen_1.0_FREE/Assets/obj/knife.obj using Guid(72d3edce1be3667479e5bfff6e8f2b93) Importer(815301076,1909f56bfc062723c751e8b465ee728b)  -> (artifact id: '9221d575cecf421c9e0a013dad91cef9') in 0.048139 seconds
Number of updated asset objects reloaded before import = 0
Number of asset objects unloaded after import = 11
========================================================================
Received Import Request.
  Time since last request: 0.000040 seconds.
  path: Assets/Package/Asset/Tiny_Treats_Charming_Kitchen_1.0_FREE/Tiny_Treats_Charming_Kitchen_1.0_FREE/Assets/fbx(unity)/countertop_counter_outer.fbx
  artifactKey: Guid(877f85811ea20ec408cdeeff6932e854) Importer(815301076,1909f56bfc062723c751e8b465ee728b)
Start importing Assets/Package/Asset/Tiny_Treats_Charming_Kitchen_1.0_FREE/Tiny_Treats_Charming_Kitchen_1.0_FREE/Assets/fbx(unity)/countertop_counter_outer.fbx using Guid(877f85811ea20ec408cdeeff6932e854) Importer(815301076,1909f56bfc062723c751e8b465ee728b)  -> (artifact id: '23486963428f474b70acc3246366a571') in 0.041751 seconds
Number of updated asset objects reloaded before import = 0
Number of asset objects unloaded after import = 9
========================================================================
Received Import Request.
  Time since last request: 0.000024 seconds.
  path: Assets/Package/Asset/Tiny_Treats_Charming_Kitchen_1.0_FREE/Tiny_Treats_Charming_Kitchen_1.0_FREE/Assets/obj/container_kitchen_A_blue.obj
  artifactKey: Guid(0076c0cdd63e81c4b8357c1ddcbf0fae) Importer(815301076,1909f56bfc062723c751e8b465ee728b)
Start importing Assets/Package/Asset/Tiny_Treats_Charming_Kitchen_1.0_FREE/Tiny_Treats_Charming_Kitchen_1.0_FREE/Assets/obj/container_kitchen_A_blue.obj using Guid(0076c0cdd63e81c4b8357c1ddcbf0fae) Importer(815301076,1909f56bfc062723c751e8b465ee728b)  -> (artifact id: 'ef80e5353afb690744d48812ddc4b5e9') in 0.044852 seconds
Number of updated asset objects reloaded before import = 0
Number of asset objects unloaded after import = 11
========================================================================
Received Import Request.
  Time since last request: 0.000032 seconds.
  path: Assets/Package/Asset/Tiny_Treats_Charming_Kitchen_1.0_FREE/Tiny_Treats_Charming_Kitchen_1.0_FREE/Assets/fbx(unity)/countertop_straight_B.fbx
  artifactKey: Guid(297522691538bae4ba9da99b4c37a0a2) Importer(815301076,1909f56bfc062723c751e8b465ee728b)
Start importing Assets/Package/Asset/Tiny_Treats_Charming_Kitchen_1.0_FREE/Tiny_Treats_Charming_Kitchen_1.0_FREE/Assets/fbx(unity)/countertop_straight_B.fbx using Guid(297522691538bae4ba9da99b4c37a0a2) Importer(815301076,1909f56bfc062723c751e8b465ee728b)  -> (artifact id: 'd1c2d958bd09c78fa4c97b5e4e249684') in 0.048090 seconds
Number of updated asset objects reloaded before import = 0
Number of asset objects unloaded after import = 9
========================================================================
Received Import Request.
  Time since last request: 0.000031 seconds.
  path: Assets/Package/Asset/Tiny_Treats_Charming_Kitchen_1.0_FREE/Tiny_Treats_Charming_Kitchen_1.0_FREE/Assets/obj/countertop_sink.obj
  artifactKey: Guid(10eb92bbe69b29049b6aa086efc81773) Importer(815301076,1909f56bfc062723c751e8b465ee728b)
Start importing Assets/Package/Asset/Tiny_Treats_Charming_Kitchen_1.0_FREE/Tiny_Treats_Charming_Kitchen_1.0_FREE/Assets/obj/countertop_sink.obj using Guid(10eb92bbe69b29049b6aa086efc81773) Importer(815301076,1909f56bfc062723c751e8b465ee728b)  -> (artifact id: '9247ecbfb9ed63a8d0720943ad68ff78') in 0.047614 seconds
Number of updated asset objects reloaded before import = 0
Number of asset objects unloaded after import = 11
========================================================================
Received Import Request.
  Time since last request: 0.000024 seconds.
  path: Assets/Package/Asset/Tiny_Treats_Charming_Kitchen_1.0_FREE/Tiny_Treats_Charming_Kitchen_1.0_FREE/Assets/obj/lid.obj
  artifactKey: Guid(716a24cfe73554e469fb1e6d32278ebe) Importer(815301076,1909f56bfc062723c751e8b465ee728b)
Start importing Assets/Package/Asset/Tiny_Treats_Charming_Kitchen_1.0_FREE/Tiny_Treats_Charming_Kitchen_1.0_FREE/Assets/obj/lid.obj using Guid(716a24cfe73554e469fb1e6d32278ebe) Importer(815301076,1909f56bfc062723c751e8b465ee728b)  -> (artifact id: '56dc661c93836e327b1dc9873e59b95e') in 0.046703 seconds
Number of updated asset objects reloaded before import = 0
Number of asset objects unloaded after import = 11
========================================================================
Received Import Request.
  Time since last request: 0.000026 seconds.
  path: Assets/Package/Asset/Tiny_Treats_Charming_Kitchen_1.0_FREE/Tiny_Treats_Charming_Kitchen_1.0_FREE/Assets/obj/container_kitchen_B_blue.obj
  artifactKey: Guid(69b8920501ab3e74fb6143360710f696) Importer(815301076,1909f56bfc062723c751e8b465ee728b)
Start importing Assets/Package/Asset/Tiny_Treats_Charming_Kitchen_1.0_FREE/Tiny_Treats_Charming_Kitchen_1.0_FREE/Assets/obj/container_kitchen_B_blue.obj using Guid(69b8920501ab3e74fb6143360710f696) Importer(815301076,1909f56bfc062723c751e8b465ee728b)  -> (artifact id: '97e21c9662a4376163b07014e87dfe35') in 0.053968 seconds
Number of updated asset objects reloaded before import = 0
Number of asset objects unloaded after import = 11
========================================================================
Received Import Request.
  Time since last request: 0.000040 seconds.
  path: Assets/Package/Asset/Tiny_Treats_Charming_Kitchen_1.0_FREE/Tiny_Treats_Charming_Kitchen_1.0_FREE/Assets/fbx(unity)/wall_tiles_kitchen_corner_inner.fbx
  artifactKey: Guid(7830df31cebb7374fbd58c81fe666fab) Importer(815301076,1909f56bfc062723c751e8b465ee728b)
Start importing Assets/Package/Asset/Tiny_Treats_Charming_Kitchen_1.0_FREE/Tiny_Treats_Charming_Kitchen_1.0_FREE/Assets/fbx(unity)/wall_tiles_kitchen_corner_inner.fbx using Guid(7830df31cebb7374fbd58c81fe666fab) Importer(815301076,1909f56bfc062723c751e8b465ee728b)  -> (artifact id: '0eef88308b4d9e059d9661f8ae4df171') in 0.037940 seconds
Number of updated asset objects reloaded before import = 0
Number of asset objects unloaded after import = 9
========================================================================
Received Import Request.
  Time since last request: 0.000026 seconds.
  path: Assets/Package/Asset/Tiny_Treats_Charming_Kitchen_1.0_FREE/Tiny_Treats_Charming_Kitchen_1.0_FREE/Assets/fbx(unity)/cuttingboard.fbx
  artifactKey: Guid(ce9a39b210131f54086c46d5455b1f0e) Importer(815301076,1909f56bfc062723c751e8b465ee728b)
Start importing Assets/Package/Asset/Tiny_Treats_Charming_Kitchen_1.0_FREE/Tiny_Treats_Charming_Kitchen_1.0_FREE/Assets/fbx(unity)/cuttingboard.fbx using Guid(ce9a39b210131f54086c46d5455b1f0e) Importer(815301076,1909f56bfc062723c751e8b465ee728b)  -> (artifact id: '6c2aa871b219fe5813bb7c34a43808cf') in 0.040997 seconds
Number of updated asset objects reloaded before import = 0
Number of asset objects unloaded after import = 9
========================================================================
Received Import Request.
  Time since last request: 0.000024 seconds.
  path: Assets/Package/Asset/Tiny_Treats_Charming_Kitchen_1.0_FREE/Tiny_Treats_Charming_Kitchen_1.0_FREE/Assets/fbx(unity)/floor_tiles_kitchen.fbx
  artifactKey: Guid(eb3807d275161be44a894b72fcf11679) Importer(815301076,1909f56bfc062723c751e8b465ee728b)
Start importing Assets/Package/Asset/Tiny_Treats_Charming_Kitchen_1.0_FREE/Tiny_Treats_Charming_Kitchen_1.0_FREE/Assets/fbx(unity)/floor_tiles_kitchen.fbx using Guid(eb3807d275161be44a894b72fcf11679) Importer(815301076,1909f56bfc062723c751e8b465ee728b)  -> (artifact id: '6b70d8e8d8b311c907ffd5b2580a18b2') in 0.041759 seconds
Number of updated asset objects reloaded before import = 0
Number of asset objects unloaded after import = 9
========================================================================
Received Import Request.
  Time since last request: 0.000024 seconds.
  path: Assets/Package/Asset/Tiny_Treats_Charming_Kitchen_1.0_FREE/Tiny_Treats_Charming_Kitchen_1.0_FREE/Assets/fbx(unity)/mug_blue.fbx
  artifactKey: Guid(f5aa5f4cfed70934a98aa4142c7f1632) Importer(815301076,1909f56bfc062723c751e8b465ee728b)
Start importing Assets/Package/Asset/Tiny_Treats_Charming_Kitchen_1.0_FREE/Tiny_Treats_Charming_Kitchen_1.0_FREE/Assets/fbx(unity)/mug_blue.fbx using Guid(f5aa5f4cfed70934a98aa4142c7f1632) Importer(815301076,1909f56bfc062723c751e8b465ee728b)  -> (artifact id: '0f678e9d32d72118de0407079b979b69') in 0.037929 seconds
Number of updated asset objects reloaded before import = 0
Number of asset objects unloaded after import = 9
========================================================================
Received Import Request.
  Time since last request: 0.000028 seconds.
  path: Assets/Package/Asset/Tiny_Treats_Charming_Kitchen_1.0_FREE/Tiny_Treats_Charming_Kitchen_1.0_FREE/Assets/fbx(unity)/wall_shelf_kitchen_hooks.fbx
  artifactKey: Guid(742a1cf845acf564fa3d337f23acb734) Importer(815301076,1909f56bfc062723c751e8b465ee728b)
Start importing Assets/Package/Asset/Tiny_Treats_Charming_Kitchen_1.0_FREE/Tiny_Treats_Charming_Kitchen_1.0_FREE/Assets/fbx(unity)/wall_shelf_kitchen_hooks.fbx using Guid(742a1cf845acf564fa3d337f23acb734) Importer(815301076,1909f56bfc062723c751e8b465ee728b)  -> (artifact id: '369d9b69fa1ce40b25dd2c0c124e89c5') in 0.040214 seconds
Number of updated asset objects reloaded before import = 0
Number of asset objects unloaded after import = 9
========================================================================
Received Import Request.
  Time since last request: 0.125310 seconds.
  path: Assets/Package/Asset/Tiny_Treats_Charming_Kitchen_1.0_FREE/Tiny_Treats_Charming_Kitchen_1.0_FREE/Assets/fbx/wall_tiles_kitchen_doorway.fbx
  artifactKey: Guid(72921d58593991743a495161215ed000) Importer(815301076,1909f56bfc062723c751e8b465ee728b)
Start importing Assets/Package/Asset/Tiny_Treats_Charming_Kitchen_1.0_FREE/Tiny_Treats_Charming_Kitchen_1.0_FREE/Assets/fbx/wall_tiles_kitchen_doorway.fbx using Guid(72921d58593991743a495161215ed000) Importer(815301076,1909f56bfc062723c751e8b465ee728b)  -> (artifact id: '3be79990a94a8afd0e3f400f032e208a') in 0.054723 seconds
Number of updated asset objects reloaded before import = 0
Number of asset objects unloaded after import = 15
========================================================================
Received Import Request.
  Time since last request: 0.000025 seconds.
  path: Assets/Package/Asset/Tiny_Treats_Pretty_Park_1.0_FREE/Tiny_Treats_Pretty_Park_1.0_FREE/Assets/fbx/floor_grass_sliced_B.fbx
  artifactKey: Guid(72c00e151b7e9594aa6c7cc34b0cba29) Importer(815301076,1909f56bfc062723c751e8b465ee728b)
Start importing Assets/Package/Asset/Tiny_Treats_Pretty_Park_1.0_FREE/Tiny_Treats_Pretty_Park_1.0_FREE/Assets/fbx/floor_grass_sliced_B.fbx using Guid(72c00e151b7e9594aa6c7cc34b0cba29) Importer(815301076,1909f56bfc062723c751e8b465ee728b)  -> (artifact id: '26c1efdeca421c6198ab693511b57fd7') in 0.038976 seconds
Number of updated asset objects reloaded before import = 0
Number of asset objects unloaded after import = 9
========================================================================
Received Import Request.
  Time since last request: 0.000034 seconds.
  path: Assets/Package/Asset/Tiny_Treats_Pretty_Park_1.0_FREE/Tiny_Treats_Pretty_Park_1.0_FREE/Assets/fbx/floor_grass_sliced_C.fbx
  artifactKey: Guid(d5e53c7928789744f8027d0b2d42245e) Importer(815301076,1909f56bfc062723c751e8b465ee728b)
Start importing Assets/Package/Asset/Tiny_Treats_Pretty_Park_1.0_FREE/Tiny_Treats_Pretty_Park_1.0_FREE/Assets/fbx/floor_grass_sliced_C.fbx using Guid(d5e53c7928789744f8027d0b2d42245e) Importer(815301076,1909f56bfc062723c751e8b465ee728b)  -> (artifact id: '3678f27cfbabadcf920b8004c4f47837') in 0.037113 seconds
Number of updated asset objects reloaded before import = 0
Number of asset objects unloaded after import = 9
========================================================================
Received Import Request.
  Time since last request: 0.027832 seconds.
  path: Assets/Package/Asset/Tiny_Treats_Pretty_Park_1.0_FREE/Tiny_Treats_Pretty_Park_1.0_FREE/Assets/obj/floor_grass_sliced_base.obj
  artifactKey: Guid(aa15d07e0b05865408b3e4b9e9bc615e) Importer(815301076,1909f56bfc062723c751e8b465ee728b)
Start importing Assets/Package/Asset/Tiny_Treats_Pretty_Park_1.0_FREE/Tiny_Treats_Pretty_Park_1.0_FREE/Assets/obj/floor_grass_sliced_base.obj using Guid(aa15d07e0b05865408b3e4b9e9bc615e) Importer(815301076,1909f56bfc062723c751e8b465ee728b)  -> (artifact id: '88278c3c03bb66ca115d1981410c2d87') in 0.042889 seconds
Number of updated asset objects reloaded before import = 0
Number of asset objects unloaded after import = 11
========================================================================
Received Import Request.
  Time since last request: 6.392226 seconds.
  path: Assets/Package/Asset/Tiny_Treats_Pretty_Park_1.0_FREE/Tiny_Treats_Pretty_Park_1.0_FREE/Assets/obj/floor_grass_sliced_H.obj
  artifactKey: Guid(29f5f1b1c0877874cbaf642e67813b41) Importer(815301076,1909f56bfc062723c751e8b465ee728b)
Start importing Assets/Package/Asset/Tiny_Treats_Pretty_Park_1.0_FREE/Tiny_Treats_Pretty_Park_1.0_FREE/Assets/obj/floor_grass_sliced_H.obj using Guid(29f5f1b1c0877874cbaf642e67813b41) Importer(815301076,1909f56bfc062723c751e8b465ee728b)  -> (artifact id: '000e755ce012ed505858cd7203247e2c') in 0.067027 seconds
Number of updated asset objects reloaded before import = 0
Number of asset objects unloaded after import = 11
========================================================================
Received Import Request.
  Time since last request: 415.990036 seconds.
  path: Assets/Package/Asset/Tiny_Treats_Pretty_Park_1.0_FREE/Tiny_Treats_Pretty_Park_1.0_FREE/Assets/fbx/bird.fbx
  artifactKey: Guid(7a681371bb3e41940b1c78d6c0994793) Importer(815301076,1909f56bfc062723c751e8b465ee728b)
Start importing Assets/Package/Asset/Tiny_Treats_Pretty_Park_1.0_FREE/Tiny_Treats_Pretty_Park_1.0_FREE/Assets/fbx/bird.fbx using Guid(7a681371bb3e41940b1c78d6c0994793) Importer(815301076,1909f56bfc062723c751e8b465ee728b)  -> (artifact id: '1be677ff1f7baf84ba5d910c1d64eb73') in 0.065363 seconds
Number of updated asset objects reloaded before import = 0
Number of asset objects unloaded after import = 9
========================================================================
Received Import Request.
  Time since last request: 0.000038 seconds.
  path: Assets/Package/Asset/Tiny_Treats_Pretty_Park_1.0_FREE/Tiny_Treats_Pretty_Park_1.0_FREE/Assets/fbx/cobble_stones.fbx
  artifactKey: Guid(e9cecc1f96d6a8546a7ca10807bc0548) Importer(815301076,1909f56bfc062723c751e8b465ee728b)
Start importing Assets/Package/Asset/Tiny_Treats_Pretty_Park_1.0_FREE/Tiny_Treats_Pretty_Park_1.0_FREE/Assets/fbx/cobble_stones.fbx using Guid(e9cecc1f96d6a8546a7ca10807bc0548) Importer(815301076,1909f56bfc062723c751e8b465ee728b)  -> (artifact id: 'fdd7dbfde7a3e175a3d21d97deda404b') in 0.055960 seconds
Number of updated asset objects reloaded before import = 0
Number of asset objects unloaded after import = 9
========================================================================
Received Import Request.
  Time since last request: 0.000038 seconds.
  path: Assets/Package/Asset/Tiny_Treats_Pretty_Park_1.0_FREE/Tiny_Treats_Pretty_Park_1.0_FREE/Assets/fbx/bush.fbx
  artifactKey: Guid(598577ec91b17974397ad8fc505f3b2e) Importer(815301076,1909f56bfc062723c751e8b465ee728b)
Start importing Assets/Package/Asset/Tiny_Treats_Pretty_Park_1.0_FREE/Tiny_Treats_Pretty_Park_1.0_FREE/Assets/fbx/bush.fbx using Guid(598577ec91b17974397ad8fc505f3b2e) Importer(815301076,1909f56bfc062723c751e8b465ee728b)  -> (artifact id: '4a6369f0dc64e31af89027fd9a514b93') in 0.051192 seconds
Number of updated asset objects reloaded before import = 0
Number of asset objects unloaded after import = 9
========================================================================
Received Import Request.
  Time since last request: 0.000042 seconds.
  path: Assets/Package/Asset/Tiny_Treats_Pretty_Park_1.0_FREE/Tiny_Treats_Pretty_Park_1.0_FREE/Assets/fbx/hedge_straight.fbx
  artifactKey: Guid(46a1f57d1fc59aa4d9fa6c309b344f0a) Importer(815301076,1909f56bfc062723c751e8b465ee728b)
Start importing Assets/Package/Asset/Tiny_Treats_Pretty_Park_1.0_FREE/Tiny_Treats_Pretty_Park_1.0_FREE/Assets/fbx/hedge_straight.fbx using Guid(46a1f57d1fc59aa4d9fa6c309b344f0a) Importer(815301076,1909f56bfc062723c751e8b465ee728b)  -> (artifact id: '5e11c78e22f88b024f2e98b70e9fbc5d') in 0.054288 seconds
Number of updated asset objects reloaded before import = 0
Number of asset objects unloaded after import = 9
========================================================================
Received Import Request.
  Time since last request: 0.000023 seconds.
  path: Assets/Package/Asset/Tiny_Treats_Pretty_Park_1.0_FREE/Tiny_Treats_Pretty_Park_1.0_FREE/Assets/fbx/bush_large.fbx
  artifactKey: Guid(27fe1729ada655945b7badea01091661) Importer(815301076,1909f56bfc062723c751e8b465ee728b)
Start importing Assets/Package/Asset/Tiny_Treats_Pretty_Park_1.0_FREE/Tiny_Treats_Pretty_Park_1.0_FREE/Assets/fbx/bush_large.fbx using Guid(27fe1729ada655945b7badea01091661) Importer(815301076,1909f56bfc062723c751e8b465ee728b)  -> (artifact id: '9527858b1934a13c161b9eecafc7d54a') in 0.048139 seconds
Number of updated asset objects reloaded before import = 0
Number of asset objects unloaded after import = 9
========================================================================
Received Import Request.
  Time since last request: 0.000028 seconds.
  path: Assets/Package/Asset/Tiny_Treats_Pretty_Park_1.0_FREE/Tiny_Treats_Pretty_Park_1.0_FREE/Assets/fbx/fountain.fbx
  artifactKey: Guid(2056b75754f838548a287c464f5c32be) Importer(815301076,1909f56bfc062723c751e8b465ee728b)
Start importing Assets/Package/Asset/Tiny_Treats_Pretty_Park_1.0_FREE/Tiny_Treats_Pretty_Park_1.0_FREE/Assets/fbx/fountain.fbx using Guid(2056b75754f838548a287c464f5c32be) Importer(815301076,1909f56bfc062723c751e8b465ee728b)  -> (artifact id: '03552e50c0fe53f8f42276f3c5282870') in 0.092307 seconds
Number of updated asset objects reloaded before import = 0
Number of asset objects unloaded after import = 19
========================================================================
Received Import Request.
  Time since last request: 0.000024 seconds.
  path: Assets/Package/Asset/Tiny_Treats_Pretty_Park_1.0_FREE/Tiny_Treats_Pretty_Park_1.0_FREE/Assets/fbx/grass_A.fbx
  artifactKey: Guid(fc634f6eea3841c4991357a362727c1e) Importer(815301076,1909f56bfc062723c751e8b465ee728b)
Start importing Assets/Package/Asset/Tiny_Treats_Pretty_Park_1.0_FREE/Tiny_Treats_Pretty_Park_1.0_FREE/Assets/fbx/grass_A.fbx using Guid(fc634f6eea3841c4991357a362727c1e) Importer(815301076,1909f56bfc062723c751e8b465ee728b)  -> (artifact id: '90047add4143fb28afee8f8a3b797726') in 0.038928 seconds
Number of updated asset objects reloaded before import = 0
Number of asset objects unloaded after import = 9
========================================================================
Received Import Request.
  Time since last request: 0.000028 seconds.
  path: Assets/Package/Asset/Tiny_Treats_Pretty_Park_1.0_FREE/Tiny_Treats_Pretty_Park_1.0_FREE/Assets/fbx/tiny_treats_grass_texture.png
  artifactKey: Guid(bada2ddbb87bb5940934c1940534919d) Importer(815301076,1909f56bfc062723c751e8b465ee728b)
Start importing Assets/Package/Asset/Tiny_Treats_Pretty_Park_1.0_FREE/Tiny_Treats_Pretty_Park_1.0_FREE/Assets/fbx/tiny_treats_grass_texture.png using Guid(bada2ddbb87bb5940934c1940534919d) Importer(815301076,1909f56bfc062723c751e8b465ee728b)  -> (artifact id: 'bd3c0aa381ff7bde37b3740d8ba672ae') in 0.028902 seconds
Number of updated asset objects reloaded before import = 0
Number of asset objects unloaded after import = 2
========================================================================
Received Import Request.
  Time since last request: 0.000046 seconds.
  path: Assets/Package/Asset/Tiny_Treats_Pretty_Park_1.0_FREE/Tiny_Treats_Pretty_Park_1.0_FREE/Assets/fbx/hedge_corner.fbx
  artifactKey: Guid(af7c6cdf6debe2a47bec7947be6e1252) Importer(815301076,1909f56bfc062723c751e8b465ee728b)
Start importing Assets/Package/Asset/Tiny_Treats_Pretty_Park_1.0_FREE/Tiny_Treats_Pretty_Park_1.0_FREE/Assets/fbx/hedge_corner.fbx using Guid(af7c6cdf6debe2a47bec7947be6e1252) Importer(815301076,1909f56bfc062723c751e8b465ee728b)  -> (artifact id: 'b7357e900173506586f62df24d5d5278') in 0.038784 seconds
Number of updated asset objects reloaded before import = 0
Number of asset objects unloaded after import = 9
Editor requested this worker to shutdown with reason: Scaling down because of idle timeout
TcpMessagingSession - receive error
AssetImportWorkerClient::OnTransportError - code=2 error=End of file
AssetImportWorker is now disconnected from the server
Process exiting
Exiting without the bug reporter. Application will terminate with return code 0